100k+ VentiğŸ¯,feditips@mstdn.social
100k+ VentiğŸ¯,Gargron@mastodon.social
100k+ VentiğŸ¯,georgetakei@universeodon.com
100k+ VentiğŸ¯,neilhimself@mastodon.social
100k+ VentiğŸ¯,rbreich@masto.ai
100k+ VentiğŸ¯,stux@mstdn.social
100k+ VentiğŸ¯,taylorlorenz@mastodon.social
10k GrandeğŸ˜ï¸,accidentalciso@infosec.exchange
10k GrandeğŸ˜ï¸,alex@cybervillains.com
10k GrandeğŸ˜ï¸,alyssam_infosec@infosec.exchange
10k GrandeğŸ˜ï¸,aral@mastodon.ar.al
10k GrandeğŸ˜ï¸,AstroKatie@mastodon.social
10k GrandeğŸ˜ï¸,atomicpoet@firefish.social
10k GrandeğŸ˜ï¸,b0rk@jvns.ca
10k GrandeğŸ˜ï¸,bcrypt@infosec.exchange
10k GrandeğŸ˜ï¸,briankrebs@infosec.exchange
10k GrandeğŸ˜ï¸,bruces@mastodon.social
10k GrandeğŸ˜ï¸,campuscodi@mastodon.social
10k GrandeğŸ˜ï¸,carnage4life@mas.to
10k GrandeğŸ˜ï¸,codinghorror@infosec.exchange
10k GrandeğŸ˜ï¸,Curator@mastodon.art
10k GrandeğŸ˜ï¸,dansup@mastodon.social
10k GrandeğŸ˜ï¸,davidrevoy@framapiaf.org
10k GrandeğŸ˜ï¸,defcon@defcon.social
10k GrandeğŸ˜ï¸,deviantollam@defcon.social
10k GrandeğŸ˜ï¸,emilymbender@dair-community.social
10k GrandeğŸ˜ï¸,evangreer@mastodon.online
10k GrandeğŸ˜ï¸,FediFollows@social.growyourown.services
10k GrandeğŸ˜ï¸,feliciaday@mastodon.social
10k GrandeğŸ˜ï¸,foone@digipres.club
10k GrandeğŸ˜ï¸,fosstodon@fosstodon.org
10k GrandeğŸ˜ï¸,gamingonlinux@mastodon.social
10k GrandeğŸ˜ï¸,gcluley@mastodon.green
10k GrandeğŸ˜ï¸,GossiTheDog@cyberplace.social
10k GrandeğŸ˜ï¸,gruber@mastodon.social
10k GrandeğŸ˜ï¸,hacks4pancakes@infosec.exchange
10k GrandeğŸ˜ï¸,ian@hachyderm.io
10k GrandeğŸ˜ï¸,jayrosen_nyu@mastodon.social
10k GrandeğŸ˜ï¸,jerry@infosec.exchange
10k GrandeğŸ˜ï¸,jsrailton@mastodon.social
10k GrandeğŸ˜ï¸,jwz@mastodon.social
10k GrandeğŸ˜ï¸,k8em0@infosec.exchange
10k GrandeğŸ˜ï¸,kev@fosstodon.org
10k GrandeğŸ˜ï¸,kimzetter@infosec.exchange
10k GrandeğŸ˜ï¸,leo@twit.social
10k GrandeğŸ˜ï¸,malwaretech@infosec.exchange
10k GrandeğŸ˜ï¸,malwareunicorn@infosec.exchange
10k GrandeğŸ˜ï¸,Mara@hachyderm.io
10k GrandeğŸ˜ï¸,marcan@treehouse.systems
10k GrandeğŸ˜ï¸,MarkRuffalo@mastodon.social
10k GrandeğŸ˜ï¸,mattblaze@federate.social
10k GrandeğŸ˜ï¸,mekkaokereke@hachyderm.io
10k GrandeğŸ˜ï¸,Mer__edith@mastodon.world
10k GrandeğŸ˜ï¸,micahflee@infosec.exchange
10k GrandeğŸ˜ï¸,Migueldeicaza@mastodon.social
10k GrandeğŸ˜ï¸,mike@fosstodon.org
10k GrandeğŸ˜ï¸,mjg59@nondeterministic.computer
10k GrandeğŸ˜ï¸,mmasnick@mastodon.social
10k GrandeğŸ˜ï¸,molly0xfff@hachyderm.io
10k GrandeğŸ˜ï¸,noellabo@fedibird.com
10k GrandeğŸ˜ï¸,nova@hachyderm.io
10k GrandeğŸ˜ï¸,oatmeal@mastodon.social
10k GrandeğŸ˜ï¸,pluralistic@mamot.fr
10k GrandeğŸ˜ï¸,pschiller@mstdn.social
10k GrandeğŸ˜ï¸,Pwnallthethings@mastodon.social
10k GrandeğŸ˜ï¸,racheltobac@infosec.exchange
10k GrandeğŸ˜ï¸,ryanhoulihan@mastodon.social
10k GrandeğŸ˜ï¸,rysiek@mstdn.social
10k GrandeğŸ˜ï¸,Sheril@mastodon.social
10k GrandeğŸ˜ï¸,SwiftOnSecurity@infosec.exchange
10k GrandeğŸ˜ï¸,tchambers@indieweb.social
10k GrandeğŸ˜ï¸,TheGibson@hackers.town
10k GrandeğŸ˜ï¸,thegrugq@infosec.exchange
10k GrandeğŸ˜ï¸,tiffanycli@mastodon.social
10k GrandeğŸ˜ï¸,timnitGebru@dair-community.social
10k GrandeğŸ˜ï¸,torvalds@social.kernel.org
10k GrandeğŸ˜ï¸,Vivaldi@vivaldi.net
10k GrandeğŸ˜ï¸,welshpixie@mastodon.art
10k GrandeğŸ˜ï¸,zackwhittaker@mastodon.social
1k K-cupsâ›º,0ddj0bb@infosec.exchange
1k K-cupsâ›º,0x00string@infosec.exchange
1k K-cupsâ›º,0x58@infosec.exchange
1k K-cupsâ›º,0xabad1dea@infosec.exchange
1k K-cupsâ›º,0xamit@infosec.exchange
1k K-cupsâ›º,2600@mastodon.online
1k K-cupsâ›º,abrignoni@infosec.exchange
1k K-cupsâ›º,adamshostack@infosec.exchange
1k K-cupsâ›º,adhdeanasl@beige.party
1k K-cupsâ›º,admin@computerfairi.es
1k K-cupsâ›º,adulau@infosec.exchange
1k K-cupsâ›º,aeva@tech.lgbt
1k K-cupsâ›º,agent0x0@infosec.exchange
1k K-cupsâ›º,alex@dair-community.social
1k K-cupsâ›º,Alice@beige.party
1k K-cupsâ›º,alice@lgbtqia.space
1k K-cupsâ›º,alxsim@ecoevo.social
1k K-cupsâ›º,amyengineer@infosec.exchange
1k K-cupsâ›º,AnarchoNinaWrites@jorts.horse
1k K-cupsâ›º,angelus_04@mastodon.gamedev.place
1k K-cupsâ›º,annaghughes@mastodon.online
1k K-cupsâ›º,AnthonyCollette@infosec.exchange
1k K-cupsâ›º,apiratemoo@infosec.exchange
1k K-cupsâ›º,aprilwright@infosec.exchange
1k K-cupsâ›º,ashley@digipres.club
1k K-cupsâ›º,Ashley@tooters.org
1k K-cupsâ›º,astrid@fedi.astrid.tech
1k K-cupsâ›º,atomicpoet@atomicpoet.org
1k K-cupsâ›º,azedand2knots@beige.party
1k K-cupsâ›º,Azeria@mastodon.social
1k K-cupsâ›º,bea@infosec.exchange
1k K-cupsâ›º,beaveinflow@mstdn.ca
1k K-cupsâ›º,benbrown@hackers.town
1k K-cupsâ›º,BetoOnSecurity@infosec.exchange
1k K-cupsâ›º,BigAngBlack@fosstodon.org
1k K-cupsâ›º,binitamshah@ioc.exchange
1k K-cupsâ›º,BishopFox@infosec.exchange
1k K-cupsâ›º,blackhillsinfosec@infosec.exchange
1k K-cupsâ›º,bleakfuture@home.social
1k K-cupsâ›º,BleepingComputer@infosec.exchange
1k K-cupsâ›º,Blenster@qoto.org
1k K-cupsâ›º,bluecat@ioc.exchange
1k K-cupsâ›º,BlueTeamCon@infosec.exchange
1k K-cupsâ›º,bram@gamedev.lgbt
1k K-cupsâ›º,brian@graphics.social
1k K-cupsâ›º,brooklynmarie@mastodon.social
1k K-cupsâ›º,C0redump@infosec.exchange
1k K-cupsâ›º,cert_eu@infosec.exchange
1k K-cupsâ›º,chad@mstdn.ca
1k K-cupsâ›º,charlesdardaman@infosec.exchange
1k K-cupsâ›º,chicagocyber@infosec.exchange
1k K-cupsâ›º,ChloeMessdaghi@infosec.exchange
1k K-cupsâ›º,chompie1337@haunted.computer
1k K-cupsâ›º,ChrisJohnRiley@infosec.exchange
1k K-cupsâ›º,chrissanders88@infosec.exchange
1k K-cupsâ›º,christianp@mathstodon.xyz
1k K-cupsâ›º,cirriustech@infosec.exchange
1k K-cupsâ›º,cloudguy@mastodon.terabyte-computing.com
1k K-cupsâ›º,codehag@mastodon.social
1k K-cupsâ›º,coleens_@infosec.exchange
1k K-cupsâ›º,ComradeEevee@infosec.exchange
1k K-cupsâ›º,cooperq@infosec.exchange
1k K-cupsâ›º,crowgirl@hachyderm.io
1k K-cupsâ›º,cyb_detective@infosec.exchange
1k K-cupsâ›º,d0nut@infosec.exchange
1k K-cupsâ›º,dabertime@mstdn.social
1k K-cupsâ›º,daeken@haqueers.com
1k K-cupsâ›º,dan@discuss.systems
1k K-cupsâ›º,dangoodin@infosec.exchange
1k K-cupsâ›º,danielgallagher@infosec.exchange
1k K-cupsâ›º,davep@infosec.exchange
1k K-cupsâ›º,dave_aitel@mastodon.social
1k K-cupsâ›º,DavidJBianco@infosec.exchange
1k K-cupsâ›º,da_667@infosec.exchange
1k K-cupsâ›º,dcuthbert@defcon.social
1k K-cupsâ›º,DeliaChristina@sfba.social
1k K-cupsâ›º,dennisfaucher@infosec.exchange
1k K-cupsâ›º,DevaOnBreaches@infosec.exchange
1k K-cupsâ›º,deweyritten@infosec.exchange
1k K-cupsâ›º,dildog@hackers.town
1k K-cupsâ›º,dnsprincess@infosec.exchange
1k K-cupsâ›º,downey@floss.social
1k K-cupsâ›º,dramypsyd@ohai.social
1k K-cupsâ›º,drewdevault@fosstodon.org
1k K-cupsâ›º,drewscanlon@mastodon.gamedev.place
1k K-cupsâ›º,dwizzzle@infosec.exchange
1k K-cupsâ›º,dymaxion@infosec.exchange
1k K-cupsâ›º,Edent@mastodon.social
1k K-cupsâ›º,eevee@queer.party
1k K-cupsâ›º,ellesaurus@toot.lgbt
1k K-cupsâ›º,Ellopunk@infosec.exchange
1k K-cupsâ›º,Em0nM4stodon@infosec.exchange
1k K-cupsâ›º,epixoip@infosec.exchange
1k K-cupsâ›º,eric_capuano@infosec.exchange
1k K-cupsâ›º,erinfulmer@wandering.shop
1k K-cupsâ›º,est@emily.news
1k K-cupsâ›º,fbz@hackers.town
1k K-cupsâ›º,FediThing@tech.lgbt
1k K-cupsâ›º,fs0c131y@infosec.exchange
1k K-cupsâ›º,gabsmashh@infosec.exchange
1k K-cupsâ›º,GayDeceiver@mstdn.social
1k K-cupsâ›º,girlgerms@infosec.exchange
1k K-cupsâ›º,GottaLaff@mastodon.social
1k K-cupsâ›º,gregorysherrow@writing.exchange
1k K-cupsâ›º,hachyderm@hachyderm.io
1k K-cupsâ›º,hackingbutlegal@toad.social
1k K-cupsâ›º,HackingDave@infosec.exchange
1k K-cupsâ›º,HalvarFlake@mastodon.social
1k K-cupsâ›º,hankgreen@mas.to
1k K-cupsâ›º,hariette@tech.lgbt
1k K-cupsâ›º,hbuchel@hachyderm.io
1k K-cupsâ›º,hdm@infosec.exchange
1k K-cupsâ›º,Heidi@infosec.exchange
1k K-cupsâ›º,helma@mastodon.social
1k K-cupsâ›º,hexadecim8@infosec.exchange
1k K-cupsâ›º,histoftech@mastodon.social
1k K-cupsâ›º,iagox86@infosec.exchange
1k K-cupsâ›º,InfoSecSherpa@infosec.exchange
1k K-cupsâ›º,infosystir@infosec.exchange
1k K-cupsâ›º,insiderphd@infosec.exchange
1k K-cupsâ›º,inthehands@hachyderm.io
1k K-cupsâ›º,ipg@wetdry.world
1k K-cupsâ›º,itisiboller@infosec.exchange
1k K-cupsâ›º,JaysonEStreet@infosec.exchange
1k K-cupsâ›º,jbe@esq.social
1k K-cupsâ›º,jcrabapple@dmv.community
1k K-cupsâ›º,jennifer@defcon.social
1k K-cupsâ›º,JessTheUnstill@infosec.exchange
1k K-cupsâ›º,jfslowik@infosec.exchange
1k K-cupsâ›º,jkirk@infosec.exchange
1k K-cupsâ›º,joernchen@mastodon.social
1k K-cupsâ›º,JohnHammond@infosec.exchange
1k K-cupsâ›º,jorijn@toot.community
1k K-cupsâ›º,josephcox@infosec.exchange
1k K-cupsâ›º,JosephMenn@infosec.exchange
1k K-cupsâ›º,joshbressers@infosec.exchange
1k K-cupsâ›º,jperlow@journa.host
1k K-cupsâ›º,jrdepriest@infosec.exchange
1k K-cupsâ›º,jullrich@infosec.exchange
1k K-cupsâ›º,Jun34u@infosec.exchange
1k K-cupsâ›º,JustCodeCulture@mastodon.social
1k K-cupsâ›º,jwgoerlich@infosec.exchange
1k K-cupsâ›º,j_opdenakker@infosec.exchange
1k K-cupsâ›º,kainoa@firefish.social
1k K-cupsâ›º,kennwhite@mastodon.social
1k K-cupsâ›º,kevincollier@mastodon.social
1k K-cupsâ›º,kimlockhartga@beige.party
1k K-cupsâ›º,kissane@mas.to
1k K-cupsâ›º,kkarhan@mstdn.social
1k K-cupsâ›º,koalafiedhacker@infosec.exchange
1k K-cupsâ›º,kristinHenry@vis.social
1k K-cupsâ›º,L0pht@infosec.exchange
1k K-cupsâ›º,LadyDragonfly@universeodon.com
1k K-cupsâ›º,leah@chaos.social
1k K-cupsâ›º,leak@hachyderm.io
1k K-cupsâ›º,leigh@ottawa.place
1k K-cupsâ›º,lestari@infosec.exchange
1k K-cupsâ›º,lhn@mastodon.online
1k K-cupsâ›º,likethecoins@infosec.exchange
1k K-cupsâ›º,LitMoose@infosec.exchange
1k K-cupsâ›º,lizcovart@historians.social
1k K-cupsâ›º,lkarlslund@infosec.exchange
1k K-cupsâ›º,lmorchard@hackers.town
1k K-cupsâ›º,Lockdownyourlife@infosec.exchange
1k K-cupsâ›º,lorenzofb@infosec.exchange
1k K-cupsâ›º,LukaszOlejnik@mastodon.social
1k K-cupsâ›º,lzg@mastodon.social
1k K-cupsâ›º,maddiestone@infosec.exchange
1k K-cupsâ›º,mainframed767@infosec.exchange
1k K-cupsâ›º,mairin@fosstodon.org
1k K-cupsâ›º,malanalysis@infosec.exchange
1k K-cupsâ›º,malwarejake@infosec.exchange
1k K-cupsâ›º,malwareunicorn@mastodon.social
1k K-cupsâ›º,malware_traffic@infosec.exchange
1k K-cupsâ›º,marcia@defcon.social
1k K-cupsâ›º,martijn_grooten@mastodon.social
1k K-cupsâ›º,mattburgess@infosec.exchange
1k K-cupsâ›º,mayahustle@infosec.exchange
1k K-cupsâ›º,mayaisloading@beige.party
1k K-cupsâ›º,Medus4@hackers.town
1k K-cupsâ›º,MereLeFey@mindly.social
1k K-cupsâ›º,metlstorm@infosec.exchange
1k K-cupsâ›º,MishaalRahman@androiddev.social
1k K-cupsâ›º,MissJackalope@defcon.social
1k K-cupsâ›º,misty@digipres.club
1k K-cupsâ›º,mttaggart@infosec.town
1k K-cupsâ›º,mubix@infosec.exchange
1k K-cupsâ›º,munin@infosec.exchange
1k K-cupsâ›º,myraccoonhands@infosec.exchange
1k K-cupsâ›º,mysk@defcon.social
1k K-cupsâ›º,mzbat@infosec.exchange
1k K-cupsâ›º,n0x08@infosec.exchange
1k K-cupsâ›º,neurovagrant@masto.deoan.org
1k K-cupsâ›º,NicoleBeckwith@infosec.exchange
1k K-cupsâ›º,niconiconi@mk.absturztau.be
1k K-cupsâ›º,nullagent@partyon.xyz
1k K-cupsâ›º,ocsweetest@mstdn.party
1k K-cupsâ›º,oliphant@oliphant.social
1k K-cupsâ›º,PanickedFoodie@disabled.social
1k K-cupsâ›º,paulasadoorian@infosec.exchange
1k K-cupsâ›º,pauliehedron@infosec.exchange
1k K-cupsâ›º,phil@infosec.exchange
1k K-cupsâ›º,PogoWasRight@infosec.exchange
1k K-cupsâ›º,postmodern@infosec.exchange
1k K-cupsâ›º,puniko@mk.absturztau.be
1k K-cupsâ›º,purism@librem.one
1k K-cupsâ›º,r0wdy_@infosec.exchange
1k K-cupsâ›º,raptor@infosec.exchange
1k K-cupsâ›º,rayredacted@infosec.exchange
1k K-cupsâ›º,retr0id@retr0.id
1k K-cupsâ›º,revengeday@corteximplant.com
1k K-cupsâ›º,RGB_Lights@infosec.exchange
1k K-cupsâ›º,RickiTarr@beige.party
1k K-cupsâ›º,riskybusiness@infosec.exchange
1k K-cupsâ›º,riversidebryan@firefish.lgbt
1k K-cupsâ›º,rixx@chaos.social
1k K-cupsâ›º,Rob_T_Firefly@hackers.town
1k K-cupsâ›º,rolle@mementomori.social
1k K-cupsâ›º,RoyalHoeliness@infosec.exchange
1k K-cupsâ›º,sarahjamielewis@mastodon.social
1k K-cupsâ›º,saramg@fosstodon.org
1k K-cupsâ›º,SeanWrightSec@infosec.exchange
1k K-cupsâ›º,seb@ioc.exchange
1k K-cupsâ›º,securelyfitz@chaos.social
1k K-cupsâ›º,SecureOwl@infosec.exchange
1k K-cupsâ›º,securingdev@infosec.exchange
1k K-cupsâ›º,securityonion@infosec.exchange
1k K-cupsâ›º,SheHacksPurple@infosec.exchange
1k K-cupsâ›º,shellsharks@infosec.exchange
1k K-cupsâ›º,shlee@aus.social
1k K-cupsâ›º,ShmooCon@infosec.exchange
1k K-cupsâ›º,shodan@mastodon.shodan.io
1k K-cupsâ›º,shrugdealer@kolektiva.social
1k K-cupsâ›º,simplenomad@rigor-mortis.nmrc.org
1k K-cupsâ›º,sindarina@ngmx.com
1k K-cupsâ›º,sixfootcandy@mstdn.party
1k K-cupsâ›º,snipe@hackers.town
1k K-cupsâ›º,sonictyrant@mstdn.social
1k K-cupsâ›º,sonyasteele@mastodon.social
1k K-cupsâ›º,sophie@social.lol
1k K-cupsâ›º,sophieschmieg@infosec.exchange
1k K-cupsâ›º,SophosXOps@infosec.exchange
1k K-cupsâ›º,spacerog@mastodon.social
1k K-cupsâ›º,stefan@det.social
1k K-cupsâ›º,SteveD3@infosec.exchange
1k K-cupsâ›º,Stoned_Deva_@mas.to
1k K-cupsâ›º,strandjs@infosec.exchange
1k K-cupsâ›º,superruserr@infosec.exchange
1k K-cupsâ›º,SusanPotter@mastodon.social
1k K-cupsâ›º,Sysengineer@infosec.exchange
1k K-cupsâ›º,tarajdactyl@tech.lgbt
1k K-cupsâ›º,tek@freeradical.zone
1k K-cupsâ›º,tess@mastodon.social
1k K-cupsâ›º,textfiles@digipres.club
1k K-cupsâ›º,thc@infosec.exchange
1k K-cupsâ›º,thedarktangent@defcon.social
1k K-cupsâ›º,thepacketrat@infosec.exchange
1k K-cupsâ›º,thephd@pony.social
1k K-cupsâ›º,theresnotime@wikis.world
1k K-cupsâ›º,thezdi@infosec.exchange
1k K-cupsâ›º,thomasareed@infosec.exchange
1k K-cupsâ›º,thomholwerda@social.tchncs.de
1k K-cupsâ›º,threatresearch@infosec.exchange
1k K-cupsâ›º,tinker@infosec.exchange
1k K-cupsâ›º,todb@infosec.exchange
1k K-cupsâ›º,tomchop@infosec.exchange
1k K-cupsâ›º,tprophet@defcon.social
1k K-cupsâ›º,tracketpacer@infosec.exchange
1k K-cupsâ›º,trendless@zeroes.ca
1k K-cupsâ›º,triciakickssaas@infosec.exchange
1k K-cupsâ›º,triketora@mastodon.social
1k K-cupsâ›º,tychotithonus@infosec.exchange
1k K-cupsâ›º,UK_Daniel_Card@infosec.exchange
1k K-cupsâ›º,ushi@infosec.exchange
1k K-cupsâ›º,VeryBadLlama@mas.to
1k K-cupsâ›º,victor@tooters.org
1k K-cupsâ›º,Viss@mastodon.social
1k K-cupsâ›º,vkc@mspsocial.net
1k K-cupsâ›º,vortex_egg@ioc.exchange
1k K-cupsâ›º,vwbusguy@mastodon.online
1k K-cupsâ›º,wbm312@infosec.exchange
1k K-cupsâ›º,wendyck@mastodon.social
1k K-cupsâ›º,wendynather@infosec.exchange
1k K-cupsâ›º,wilbr@glitch.social
1k K-cupsâ›º,willasaywhat@infosec.exchange
1k K-cupsâ›º,williballenthin@mastodon.social
1k K-cupsâ›º,WTL@mastodon.social
1k K-cupsâ›º,x0rz@infosec.exchange
1k K-cupsâ›º,XanIndigo@writing.exchange
1k K-cupsâ›º,xpn@infosec.exchange
1k K-cupsâ›º,yetzt@vis.social
1k K-cupsâ›º,yuki2501@hackers.town
1k K-cupsâ›º,yurnidiot@mstdn.social
1k K-cupsâ›º,zak@infosec.exchange
AdminsğŸª,admin@blorbo.social
AdminsğŸª,admin@computerfairi.es
AdminsğŸª,admin@defcon.social
AdminsğŸª,admin@firefish.social
AdminsğŸª,admin@floss.social
AdminsğŸª,admin@jaxbeach.social
AdminsğŸª,admin@social.linux.pizza
AdminsğŸª,alarig@hostux.social
AdminsğŸª,alxsim@ecoevo.social
AdminsğŸª,andrew@ottawa.place
AdminsğŸª,antilopa@fe.disroot.org
AdminsğŸª,arielmt@computerfairi.es
AdminsğŸª,astrid@fedi.astrid.tech
AdminsğŸª,atomicpoet@firefish.social
AdminsğŸª,babe@glitterkitten.co.uk
AdminsğŸª,bnys@lasersword.club
AdminsğŸª,bram@gamedev.lgbt
AdminsğŸª,brian@graphics.social
AdminsğŸª,chad@mstdn.ca
AdminsğŸª,christianp@mathstodon.xyz
AdminsğŸª,CurtisLBray@pnw.zone
AdminsğŸª,dan@discuss.systems
AdminsğŸª,davetroy@toad.social
AdminsğŸª,downey@floss.social
AdminsğŸª,eevee@queer.party
AdminsğŸª,fede@fe.disroot.org
AdminsğŸª,fosstodon@fosstodon.org
AdminsğŸª,Friendlyrobot@androiddev.social
AdminsğŸª,geewiz@geekdom.social
AdminsğŸª,GossiTheDog@cyberplace.social
AdminsğŸª,hachyderm@hachyderm.io
AdminsğŸª,jcrabapple@dmv.community
AdminsğŸª,jerry@infosec.exchange
AdminsğŸª,jorijn@toot.community
AdminsğŸª,kdy@im-in.space
AdminsğŸª,kev@fosstodon.org
AdminsğŸª,koyu@kopimi.space
AdminsğŸª,kristinHenry@vis.social
AdminsğŸª,kvuzet@gender.systems
AdminsğŸª,leah@chaos.social
AdminsğŸª,leigh@ottawa.place
AdminsğŸª,leo@twit.social
AdminsğŸª,lifeofguenter@convo.casa
AdminsğŸª,lizcovart@historians.social
AdminsğŸª,lucy@corteximplant.com
AdminsğŸª,meaz@fe.disroot.org
AdminsğŸª,mike@fosstodon.org
AdminsğŸª,minister@climatejustice.global
AdminsğŸª,misty@digipres.club
AdminsğŸª,muppeth@fe.disroot.org
AdminsğŸª,noellabo@fedibird.com
AdminsğŸª,nova@hachyderm.io
AdminsğŸª,PanickedFoodie@disabled.social
AdminsğŸª,paula@climatejustice.rocks
AdminsğŸª,PaulaToThePeople@climatejustice.social
AdminsğŸª,photosymbols@learningdisability.social
AdminsğŸª,puniko@mk.absturztau.be
AdminsğŸª,revengeday@corteximplant.com
AdminsğŸª,rixx@chaos.social
AdminsğŸª,rolle@mementomori.social
AdminsğŸª,sandy@tooters.org
AdminsğŸª,seb@ioc.exchange
AdminsğŸª,selea@social.linux.pizza
AdminsğŸª,seth@hometech.social
AdminsğŸª,shlee@aus.social
AdminsğŸª,SolSoCoG@ieji.de
AdminsğŸª,sophie@catgirl.cloud
AdminsğŸª,stefan@det.social
AdminsğŸª,stux@mstdn.social
AdminsğŸª,support@defcon.social
AdminsğŸª,support@toot.community
AdminsğŸª,tchambers@indieweb.social
AdminsğŸª,TCMBC@defcon.social
AdminsğŸª,thedarktangent@defcon.social
AdminsğŸª,TheGibson@hackers.town
AdminsğŸª,trendless@zeroes.ca
AdminsğŸª,troubleMoney@computerfairi.es
AdminsğŸª,victor@tooters.org
AdminsğŸª,waitworry@jorts.horse
AdminsğŸª,wazaby@h4.io
AdminsğŸª,yawnbox@disobey.net
AppsğŸ§Š,1password@1password.social
AppsğŸ§Š,AntennaPod@fosstodon.org
AppsğŸ§Š,apps@toot.fedilab.app
AppsğŸ§Š,bitwarden@fosstodon.org
AppsğŸ§Š,bonfire@indieweb.social
AppsğŸ§Š,bookwyrm@tech.lgbt
AppsğŸ§Š,brave@mastodon.social
AppsğŸ§Š,briar@fosstodon.org
AppsğŸ§Š,CertManager@infosec.exchange
AppsğŸ§Š,cinnyapp@fosstodon.org
AppsğŸ§Š,Codeberg@social.anoxinon.de
AppsğŸ§Š,CollaboraOffice@mastodon.social
AppsğŸ§Š,cryptpad@fosstodon.org
AppsğŸ§Š,cwtch@fosstodon.org
AppsğŸ§Š,delta@chaos.social
AppsğŸ§Š,elk@webtoo.ls
AppsğŸ§Š,exodus@framapiaf.org
AppsğŸ§Š,fdroidorg@floss.social
AppsğŸ§Š,gnome@floss.social
AppsğŸ§Š,hariette@tech.lgbt
AppsğŸ§Š,IceCubesApp@mastodon.online
AppsğŸ§Š,inkscape@mastodon.art
AppsğŸ§Š,ivory@tapbots.social
AppsğŸ§Š,joinjabber@indieweb.social
AppsğŸ§Š,kde@floss.social
AppsğŸ§Š,keepassxc@fosstodon.org
AppsğŸ§Š,keyoxide@fosstodon.org
AppsğŸ§Š,libreoffice@fosstodon.org
AppsğŸ§Š,Maltego@infosec.exchange
AppsğŸ§Š,mammoth@moth.social
AppsğŸ§Š,MapComplete@en.osm.town
AppsğŸ§Š,maplibre@mastodon.social
AppsğŸ§Š,matrix@mastodon.matrix.org
AppsğŸ§Š,megalodon@floss.social
AppsğŸ§Š,microg@fosstodon.org
AppsğŸ§Š,MonaApp@mastodon.social
AppsğŸ§Š,neo4j@mastodon.tech
AppsğŸ§Š,nextcloud@mastodon.xyz
AppsğŸ§Š,openandroidinstaller@fosstodon.org
AppsğŸ§Š,pidgin@fosstodon.org
AppsğŸ§Š,PixelDroid@fosstodon.org
AppsğŸ§Š,pixelfed@mastodon.social
AppsğŸ§Š,protonmail@mastodon.social
AppsğŸ§Š,securedrop@fosstodon.org
AppsğŸ§Š,securefirmware@infosec.exchange
AppsğŸ§Š,securityonion@infosec.exchange
AppsğŸ§Š,serpentos@fosstodon.org
AppsğŸ§Š,session@mastodon.social
AppsğŸ§Š,shodan@mastodon.shodan.io
AppsğŸ§Š,shufflecake@fosstodon.org
AppsğŸ§Š,signalapp@mastodon.world
AppsğŸ§Š,suricata@infosec.exchange
AppsğŸ§Š,syphon@fosstodon.org
AppsğŸ§Š,tapbots@tapbots.social
AppsğŸ§Š,thunderbird@mastodon.online
AppsğŸ§Š,torproject@mastodon.social
AppsğŸ§Š,Tusky@mastodon.social
AppsğŸ§Š,Tutanota@mastodon.social
AppsğŸ§Š,VeilidNetwork@hackers.town
AppsğŸ§Š,Vivaldi@vivaldi.net
AppsğŸ§Š,weblate@fosstodon.org
AppsğŸ§Š,WiGLEnet@defcon.social
AppsğŸ§Š,wireshark@ioc.exchange
AppsğŸ§Š,writefreely@writing.exchange
AppsğŸ§Š,zaproxy@infosec.exchange
Artâ˜™ï¸,Curator@mastodon.art
Artâ˜™ï¸,MarilynPF@home.social
Artâ˜™ï¸,welshpixie@mastodon.art
AuthorsğŸ“™,SecureOwl@infosec.exchange
AuthorsğŸ“™,XanIndigo@writing.exchange
BLMâœŠğŸ¿,BigAngBlack@fosstodon.org
BLMâœŠğŸ¿,blackmastodon@a.gup.pe
BLMâœŠğŸ¿,blacksincyber@infosec.exchange
BLMâœŠğŸ¿,BrassNuckolls@tech.lgbt
BLMâœŠğŸ¿,btanderson@infosec.exchange
BLMâœŠğŸ¿,carnage4life@mas.to
BLMâœŠğŸ¿,defane@infosec.exchange
BLMâœŠğŸ¿,DeliaChristina@sfba.social
BLMâœŠğŸ¿,digitalempress@infosec.exchange
BLMâœŠğŸ¿,mekkaokereke@hachyderm.io
BLMâœŠğŸ¿,nullagent@partyon.xyz
BLMâœŠğŸ¿,onlybrownmastodon@mastodon.social
BLMâœŠğŸ¿,Shells@mastodon.world
BLMâœŠğŸ¿,Signed_Ro0t@infosec.exchange
BLMâœŠğŸ¿,sonyasteele@mastodon.social
BLMâœŠğŸ¿,stephandsec@infosec.exchange
BLMâœŠğŸ¿,zoracon@infosec.exchange
BsidesğŸ¥,2600@glasgow.social
BsidesğŸ¥,2600@lemmy.world
BsidesğŸ¥,2600Malmo@mastodon.online
BsidesğŸ¥,2600stockholm@mastodon.social
BsidesğŸ¥,2600_madrid@eventos.hispagatos.org
BsidesğŸ¥,2600_new_hampshire@eventos.hispagatos.org
BsidesğŸ¥,44CON@infosec.exchange
BsidesğŸ¥,acmelabs@chaos.social
BsidesğŸ¥,ASULUG@fosstodon.org
BsidesğŸ¥,blacksincyber@defcon.social
BsidesğŸ¥,BlueTeamCon@infosec.exchange
BsidesğŸ¥,botconf@infosec.exchange
BsidesğŸ¥,bouldersec@infosec.exchange
BsidesğŸ¥,bsides312@infosec.exchange
BsidesğŸ¥,bsidesatl@infosec.exchange
BsidesğŸ¥,BSidesAugusta@infosec.exchange
BsidesğŸ¥,bsidesaustin@infosec.exchange
BsidesğŸ¥,BSidesBangalore@infosec.exchange
BsidesğŸ¥,BSidesBHAM@infosec.exchange
BsidesğŸ¥,BSIDESBloomington@infosec.exchange
BsidesğŸ¥,bsidesboston@infosec.exchange
BsidesğŸ¥,bsidesboulder@infosec.exchange
BsidesğŸ¥,BSidesBuffalo@infosec.exchange
BsidesğŸ¥,BSidesCambridgeMA@infosec.exchange
BsidesğŸ¥,bsidescbr@infosec.exchange
BsidesğŸ¥,bsidescdmx@infosec.exchange
BsidesğŸ¥,BSidesCharleston@infosec.exchange
BsidesğŸ¥,BSidesCharlotte@infosec.exchange
BsidesğŸ¥,BSidesCharm@infosec.exchange
BsidesğŸ¥,BSidesCheltenham@infosec.exchange
BsidesğŸ¥,bsideschicago@infosec.exchange
BsidesğŸ¥,BSidesCLT@infosec.exchange
BsidesğŸ¥,bsidescv@infosec.exchange
BsidesğŸ¥,bsidesdayton@infosec.exchange
BsidesğŸ¥,bsidesdelhi@infosec.exchange
BsidesğŸ¥,bsidesdenver@infosec.exchange
BsidesğŸ¥,BSidesDFW@infosec.exchange
BsidesğŸ¥,bsidesjp@infosec.exchange
BsidesğŸ¥,bsideskbh@infosec.exchange
BsidesğŸ¥,bsideskc@infosec.exchange
BsidesğŸ¥,bsidesknoxville@infosec.exchange
BsidesğŸ¥,bsidesla@infosec.exchange
BsidesğŸ¥,bsidesleeds@infosec.exchange
BsidesğŸ¥,bsideslisbon@infosec.exchange
BsidesğŸ¥,bsidesljubljana@infosec.exchange
BsidesğŸ¥,BSidesLV@infosec.exchange
BsidesğŸ¥,bsidesmelbourne@infosec.exchange
BsidesğŸ¥,BSidesMunich@infosec.exchange
BsidesğŸ¥,bsidesnewengland@infosec.exchange
BsidesğŸ¥,BSidesNYC@infosec.exchange
BsidesğŸ¥,bsidesodisha@infosec.exchange
BsidesğŸ¥,bsidesorlando@infosec.exchange
BsidesğŸ¥,bsidesoslo@infosec.exchange
BsidesğŸ¥,BSidesPDX@ioc.exchange
BsidesğŸ¥,BSidesPDX@pdx.social
BsidesğŸ¥,bsidesperth@infosec.exchange
BsidesğŸ¥,bsidespgh@infosec.exchange
BsidesğŸ¥,BSidesRDU@infosec.exchange
BsidesğŸ¥,bsidesroc@infosec.exchange
BsidesğŸ¥,bsidesrvk@infosec.exchange
BsidesğŸ¥,BSidesSATX@infosec.exchange
BsidesğŸ¥,BsidesSD@infosec.exchange
BsidesğŸ¥,bsidesseattle@infosec.exchange
BsidesğŸ¥,bsidessf@infosec.exchange
BsidesğŸ¥,BSidesSFCTF@infosec.exchange
BsidesğŸ¥,BSidesSOF@infosec.exchange
BsidesğŸ¥,bsidesspfd@infosec.exchange
BsidesğŸ¥,bsidesSTL@infosec.exchange
BsidesğŸ¥,bsidessydney@infosec.exchange
BsidesğŸ¥,bsidestc@infosec.exchange
BsidesğŸ¥,BSidesVI@infosec.exchange
BsidesğŸ¥,bsidesvienna@infosec.exchange
BsidesğŸ¥,BSidesZurich@infosec.exchange
BsidesğŸ¥,bsides_bne@infosec.exchange
BsidesğŸ¥,BSides_BTown@infosec.exchange
BsidesğŸ¥,BurbSecPrime@infosec.exchange
BsidesğŸ¥,CackalackyCon@infosec.exchange
BsidesğŸ¥,cactuscon@infosec.exchange
BsidesğŸ¥,ccc@anonsys.net
BsidesğŸ¥,cfp_time@infosec.exchange
BsidesğŸ¥,CircleCityCon@infosec.exchange
BsidesğŸ¥,crikeycon@infosec.exchange
BsidesğŸ¥,CYBERWARCON@infosec.exchange
BsidesğŸ¥,CypherCon@infosec.exchange
BsidesğŸ¥,dallas_hackers@infosec.exchange
BsidesğŸ¥,dc151@defcon.social
BsidesğŸ¥,dc201@diode.zone
BsidesğŸ¥,dc215@defcon.social
BsidesğŸ¥,dc404@defcon.social
BsidesğŸ¥,DC443@defcon.social
BsidesğŸ¥,dc4822@infosec.exchange
BsidesğŸ¥,dc503@defcon.social
BsidesğŸ¥,dc510@defcon.social
BsidesğŸ¥,DC512@defcon.social
BsidesğŸ¥,dc540@defcon.social
BsidesğŸ¥,dc540@infosec.exchange
BsidesğŸ¥,dc604@defcon.social
BsidesğŸ¥,DC608Madison@defcon.social
BsidesğŸ¥,DC608Madison@infosec.exchange
BsidesğŸ¥,dc9723@defcon.social
BsidesğŸ¥,DCG858@defcon.social
BsidesğŸ¥,dcparrot@defcon.social
BsidesğŸ¥,DC_HHV@defcon.social
BsidesğŸ¥,deepsec@social.tchncs.de
BsidesğŸ¥,defcon201@diode.zone
BsidesğŸ¥,defcon201@hostux.social
BsidesğŸ¥,defcon402@infosec.exchange
BsidesğŸ¥,defcon610@defcon.social
BsidesğŸ¥,defcon@defcon.social
BsidesğŸ¥,DenverSec@infosec.exchange
BsidesğŸ¥,DianaInitiative@defcon.social
BsidesğŸ¥,Digit4lOverdose@infosec.exchange
BsidesğŸ¥,DoDAustin@hachyderm.io
BsidesğŸ¥,elbsides@infosec.exchange
BsidesğŸ¥,emf@emfcamp.org
BsidesğŸ¥,erlug@social.anoxinon.de
BsidesğŸ¥,flinderscybersoc@infosec.exchange
BsidesğŸ¥,fosdem@fosstodon.org
BsidesğŸ¥,geekfem@chaos.social
BsidesğŸ¥,guide@chaos.social
BsidesğŸ¥,hacdc@fosstodon.org
BsidesğŸ¥,hackasat@defcon.social
BsidesğŸ¥,hackeriet@chaos.social
BsidesğŸ¥,hackfest@infosec.exchange
BsidesğŸ¥,HackUCF@infosec.exchange
BsidesğŸ¥,hack_lu@infosec.exchange
BsidesğŸ¥,haecksen@chaos.social
BsidesğŸ¥,halifaxbsides@infosec.exchange
BsidesğŸ¥,hswaw@hackerspace.pl
BsidesğŸ¥,hushcon@infosec.exchange
BsidesğŸ¥,KiLUG@mastodon.social
BsidesğŸ¥,lansing2600@mastodon.praxis.red
BsidesğŸ¥,linuxaustralia@fosstodon.org
BsidesğŸ¥,lughannover@norden.social
BsidesğŸ¥,lugor@dynlinux.io
BsidesğŸ¥,lugos@floss.social
BsidesğŸ¥,lugv@troet.cafe
BsidesğŸ¥,LUG_MYK@chaos.social
BsidesğŸ¥,lug_nuernberg@mastodon.online
BsidesğŸ¥,mch2022camp@chaos.social
BsidesğŸ¥,milliways@milliways.social
BsidesğŸ¥,nh2600@defcon.social
BsidesğŸ¥,NYC2600@infosec.exchange
BsidesğŸ¥,NYC2600@mastodon.social
BsidesğŸ¥,owaspboston@infosec.exchange
BsidesğŸ¥,OWASPLondon@infosec.exchange
BsidesğŸ¥,owaspmelb@infosec.exchange
BsidesğŸ¥,owasp_de@infosec.exchange
BsidesğŸ¥,owasp_ka@chaos.social
BsidesğŸ¥,OWASP_Ottawa@infosec.exchange
BsidesğŸ¥,PalmyLUG@mastodon.nzoss.nz
BsidesğŸ¥,pancakescon@infosec.exchange
BsidesğŸ¥,passthesaltcon@infosec.exchange
BsidesğŸ¥,pdx2600@mastodon.online
BsidesğŸ¥,philly2600@jawns.club
BsidesğŸ¥,PLUG@fosstodon.org
BsidesğŸ¥,polar@infosec.exchange
BsidesğŸ¥,pvjctf@infosec.exchange
BsidesğŸ¥,PyConUK@fosstodon.org
BsidesğŸ¥,rainsec@infosec.exchange
BsidesğŸ¥,RTP2600@kolektiva.social
BsidesğŸ¥,SecurityBSidesGlobal@infosec.exchange
BsidesğŸ¥,securitybsidesitalia@infosec.exchange
BsidesğŸ¥,ShmooCon@infosec.exchange
BsidesğŸ¥,socallinuxexpo@social.linux.pizza
BsidesğŸ¥,soups@hci.social
BsidesğŸ¥,TDvenlo@hsnl.social
BsidesğŸ¥,thelongcon@infosec.exchange
BsidesğŸ¥,TumpiConIT@infosec.exchange
BsidesğŸ¥,ulug@social.linux.pizza
BsidesğŸ¥,WEareTROOPERS@infosec.exchange
BsidesğŸ¥,womenincybersecurity@mastodon.social
BsidesğŸ¥,WWHackinFest@infosec.exchange
CatSaladğŸ¥—,catsalad@defcon.social
CatSaladğŸ¥—,catsalad@infosec.exchange
CatSaladğŸ¥—,catsalad@infosec.press
DabsğŸ§¡,alice@lgbtqia.space
DabsğŸ§¡,ambercadabra@mstdn.social
DabsğŸ§¡,amberlough@mas.to
DabsğŸ§¡,babe@glitterkitten.co.uk
DabsğŸ§¡,blackbatflower@horrorhub.club
DabsğŸ§¡,bluecat@ioc.exchange
DabsğŸ§¡,bluecatdefends@infosec.exchange
DabsğŸ§¡,ChickenPwny@infosec.exchange
DabsğŸ§¡,da_667@infosec.exchange
DabsğŸ§¡,DelilahTech@tech.lgbt
DabsğŸ§¡,dnsprincess@infosec.exchange
DabsğŸ§¡,dramypsyd@ohai.social
DabsğŸ§¡,hacks4pancakes@infosec.exchange
DabsğŸ§¡,Heidi@infosec.exchange
DabsğŸ§¡,Holir_@infosec.exchange
DabsğŸ§¡,jacpl@mastodon.org.uk
DabsğŸ§¡,jerry@infosec.exchange
DabsğŸ§¡,maddiefuzz@hackers.town
DabsğŸ§¡,myraccoonhands@infosec.exchange
DabsğŸ§¡,nullagent@partyon.xyz
DabsğŸ§¡,ralphwrecksfirefish@firefish.social
DabsğŸ§¡,RickiTarr@beige.party
DabsğŸ§¡,securingdev@infosec.exchange
DabsğŸ§¡,SheHacksPurple@infosec.exchange
DabsğŸ§¡,sickmatter@infosec.exchange
DabsğŸ§¡,Techlawyer@infosec.exchange
DabsğŸ§¡,TheGibson@hackers.town
DabsğŸ§¡,tinker@infosec.exchange
DabsğŸ§¡,topher@mastodon.online
DabsğŸ§¡,Viss@mastodon.social
DabsğŸ§¡,WuMargaret@nerdfight.online
Devsâœ‚ï¸,0x0ddc0ffee@infosec.exchange
Devsâœ‚ï¸,0x7eff@infosec.exchange
Devsâœ‚ï¸,abstractcow@tech.lgbt
Devsâœ‚ï¸,ainmosni@berlin.social
Devsâœ‚ï¸,alexanderm@hachyderm.io
Devsâœ‚ï¸,ashley@digipres.club
Devsâœ‚ï¸,AstraKernel@infosec.exchange
Devsâœ‚ï¸,atomicpoet@atomicpoet.org
Devsâœ‚ï¸,b0rk@jvns.ca
Devsâœ‚ï¸,barubary@infosec.exchange
Devsâœ‚ï¸,Berker@fosstodon.org
Devsâœ‚ï¸,bjb@fosstodon.org
Devsâœ‚ï¸,botiplz@corteximplant.com
Devsâœ‚ï¸,ChaosCatgirl@toot.cat
Devsâœ‚ï¸,chirpbirb@meow.social
Devsâœ‚ï¸,codehag@mastodon.social
Devsâœ‚ï¸,codinghorror@infosec.exchange
Devsâœ‚ï¸,corenominal@indieweb.social
Devsâœ‚ï¸,dansup@mastodon.social
Devsâœ‚ï¸,dan_ballard@kolektiva.social
Devsâœ‚ï¸,dodothedev@hachyderm.io
Devsâœ‚ï¸,drewdevault@fosstodon.org
Devsâœ‚ï¸,drj@typo.social
Devsâœ‚ï¸,Edent@mastodon.social
Devsâœ‚ï¸,elaine@mstdn.celestia.social
Devsâœ‚ï¸,ellie@hachyderm.io
Devsâœ‚ï¸,fistons@fosstodon.org
Devsâœ‚ï¸,gruber@mastodon.social
Devsâœ‚ï¸,gsantner@mastodon.social
Devsâœ‚ï¸,hariette@tech.lgbt
Devsâœ‚ï¸,hbuchel@hachyderm.io
Devsâœ‚ï¸,heidenstedt@mastodon.social
Devsâœ‚ï¸,jedisct1@mastodon.social
Devsâœ‚ï¸,jorijn@toot.community
Devsâœ‚ï¸,kainoa@firefish.social
Devsâœ‚ï¸,keira_reckons@aus.social
Devsâœ‚ï¸,lisihocke@mastodon.social
Devsâœ‚ï¸,mairin@fosstodon.org
Devsâœ‚ï¸,Mara@hachyderm.io
Devsâœ‚ï¸,marcan@treehouse.systems
Devsâœ‚ï¸,me@social.jlamothe.net
Devsâœ‚ï¸,Migueldeicaza@mastodon.social
Devsâœ‚ï¸,MishaalRahman@androiddev.social
Devsâœ‚ï¸,nadia@tech.lgbt
Devsâœ‚ï¸,peterdrake@qoto.org
Devsâœ‚ï¸,sam@social.data.coop
Devsâœ‚ï¸,saramg@fosstodon.org
Devsâœ‚ï¸,ShaunBurch@mastodon.social
Devsâœ‚ï¸,terraboops@girlcock.club
Devsâœ‚ï¸,tess@mastodon.social
Devsâœ‚ï¸,thephd@pony.social
Devsâœ‚ï¸,Toasterson@chaos.social
Devsâœ‚ï¸,todd@librem.one
Devsâœ‚ï¸,torvalds@social.kernel.org
Devsâœ‚ï¸,vkc@mspsocial.net
Devsâœ‚ï¸,vwbusguy@mastodon.online
Devsâœ‚ï¸,waimus@peoplemaking.games
DistroğŸ’¾,alpinelinux@fosstodon.org
DistroğŸ’¾,archlinux@fosstodon.org
DistroğŸ’¾,AsteroidOS@fosstodon.org
DistroğŸ’¾,calyxos@fosstodon.org
DistroğŸ’¾,debian@framapiaf.org
DistroğŸ’¾,divested@infosec.exchange
DistroğŸ’¾,elementary@mastodon.social
DistroğŸ’¾,fedora@fosstodon.org
DistroğŸ’¾,freedomboxfndn@mastodon.social
DistroğŸ’¾,GrapheneOS@grapheneos.social
DistroğŸ’¾,kalilinux@infosec.exchange
DistroğŸ’¾,kubuntu@fosstodon.org
DistroğŸ’¾,Linux@linuxrocks.online
DistroğŸ’¾,linuxmint@mastodon.social
DistroğŸ’¾,LubuntuOfficial@fosstodon.org
DistroğŸ’¾,mobian@fosstodon.org
DistroğŸ’¾,opensuse@fosstodon.org
DistroğŸ’¾,PINE64@fosstodon.org
DistroğŸ’¾,plasmamobile@fosstodon.org
DistroğŸ’¾,pop_os_official@fosstodon.org
DistroğŸ’¾,postmarketOS@fosstodon.org
DistroğŸ’¾,QubesOS@mastodon.social
DistroğŸ’¾,rockylinux@fosstodon.org
DistroğŸ’¾,siductionlinux@floss.social
DistroğŸ’¾,ubuntustudio@mastodon.art
DistroğŸ’¾,ubuntusway@mas.to
DistroğŸ’¾,yunohost@cinema.yunohost.support
DistroğŸ’¾,yunohost@mastodon.social
Famousâœ¨,drewscanlon@mastodon.gamedev.place
Famousâœ¨,feliciaday@mastodon.social
Famousâœ¨,georgetakei@universeodon.com
Famousâœ¨,MarkRuffalo@mastodon.social
Famousâœ¨,Sheril@mastodon.social
Famousâœ¨,torvalds@social.kernel.org
GamingğŸ•¹ï¸,gamingonlinux@mastodon.social
GamingğŸ•¹ï¸,itchio@mastodon.gamedev.place
GamingğŸ•¹ï¸,lori@hackers.town
GamingğŸ•¹ï¸,Minetest@fosstodon.org
GamingğŸ•¹ï¸,veloren@floss.social
HackspaceğŸ”¥,57n@abdn.social
HackspaceğŸ”¥,57n@hostux.social
HackspaceğŸ”¥,amsterdam@chaos.social
HackspaceğŸ”¥,backspace@chaos.social
HackspaceğŸ”¥,ballarat@hackerspace.au
HackspaceğŸ”¥,binhacken@chaos.social
HackspaceğŸ”¥,bitlair@hsnl.social
HackspaceğŸ”¥,bytespeicher@social.bau-ha.us
HackspaceğŸ”¥,bytewerk@chaos.social
HackspaceğŸ”¥,c3d2@c3d2.social
HackspaceğŸ”¥,c3wien@chaos.social
HackspaceğŸ”¥,c4@chaos.social
HackspaceğŸ”¥,cbase@chaos.social
HackspaceğŸ”¥,CCC@social.bau-ha.us
HackspaceğŸ”¥,cccac@chaos.social
HackspaceğŸ”¥,CCCBasel@chaos.social
HackspaceğŸ”¥,cccda@chaos.social
HackspaceğŸ”¥,cccffm@chaos.social
HackspaceğŸ”¥,cccfr@chaos.social
HackspaceğŸ”¥,ccchh@chaos.social
HackspaceğŸ”¥,cccp@chaos.social
HackspaceğŸ”¥,cccs@chaos.social
HackspaceğŸ”¥,cccwi@cccwi.social
HackspaceğŸ”¥,chaospott@chaos.social
HackspaceğŸ”¥,chaostreff_osnabrueck@chaos.social
HackspaceğŸ”¥,chaos_fl@chaos.social
HackspaceğŸ”¥,chaotikumev@social.chaotikum.org
HackspaceğŸ”¥,cheltenham_hackspace@mastodonapp.uk
HackspaceğŸ”¥,clubdiscordia@chaos.social
HackspaceğŸ”¥,coredump@chaos.social
HackspaceğŸ”¥,ctbk@chaos.social
HackspaceğŸ”¥,datenburg@bonn.social
HackspaceğŸ”¥,devlol@chaos.social
HackspaceğŸ”¥,EEHackSpace@mstdn.social
HackspaceğŸ”¥,eigenbaukombinat@chaos.social
HackspaceğŸ”¥,entropia@chaos.social
HackspaceğŸ”¥,fhl@mastodon.cisti.org
HackspaceğŸ”¥,flipdot@social.flipdot.org
HackspaceğŸ”¥,hacdc@fosstodon.org
HackspaceğŸ”¥,hack42@chaos.social
HackspaceğŸ”¥,hackalot@hsnl.social
HackspaceğŸ”¥,hackeriet@chaos.social
HackspaceğŸ”¥,hackershell@social.anoxinon.de
HackspaceğŸ”¥,hackhitchin@techhub.social
HackspaceğŸ”¥,hacklabor@chaos.social
HackspaceğŸ”¥,hacksaar@social.saarland
HackspaceğŸ”¥,hackstub@kolektiva.social
HackspaceğŸ”¥,Hackzogtum@chaos.social
HackspaceğŸ”¥,Hasi@chaos.social
HackspaceğŸ”¥,haxko@chaos.social
HackspaceğŸ”¥,HSB@chaos.social
HackspaceğŸ”¥,hslodz@mas.to
HackspaceğŸ”¥,hspsh@0x3c.pl
HackspaceğŸ”¥,iffybooks@post.lurk.org
HackspaceğŸ”¥,itsyndikat@chaos.social
HackspaceğŸ”¥,k4cg@chaos.social
HackspaceğŸ”¥,KaouennNoz@diaspodon.fr
HackspaceğŸ”¥,krautspace@chaos.social
HackspaceğŸ”¥,lebib@social.bim.land
HackspaceğŸ”¥,leigh_hackspace@mastodon.social
HackspaceğŸ”¥,lhc@mastodon.com.br
HackspaceğŸ”¥,maglab@chaos.social
HackspaceğŸ”¥,maschinenraum@social.bau-ha.us
HackspaceğŸ”¥,metalab@chaos.social
HackspaceğŸ”¥,muccc@chaos.social
HackspaceğŸ”¥,neanderfunk@nrw.social
HackspaceğŸ”¥,neotopia@chaos.social
HackspaceğŸ”¥,Nerdberg@chaos.social
HackspaceğŸ”¥,netz39@machteburch.social
HackspaceğŸ”¥,Noisebridge@sfba.social
HackspaceğŸ”¥,nottinghack@hachyderm.io
HackspaceğŸ”¥,OpenLabAugsburg@chaos.social
HackspaceğŸ”¥,OWN@chaos.social
HackspaceğŸ”¥,pixelbar@hsnl.social
HackspaceğŸ”¥,Port39@chaos.social
HackspaceğŸ”¥,raumfahrtagentur@chaos.social
HackspaceğŸ”¥,RaumZeitLabor@chaos.social
HackspaceğŸ”¥,realraum@chaos.social
HackspaceğŸ”¥,revspace@hsnl.social
HackspaceğŸ”¥,schaffenburg@social.schaffenburg.org
HackspaceğŸ”¥,Sector67@fosstodon.org
HackspaceğŸ”¥,space47@ruhr.social
HackspaceğŸ”¥,spline@chaos.social
HackspaceğŸ”¥,stratum0@chaos.social
HackspaceğŸ”¥,tamperehacklab@qoto.org
HackspaceğŸ”¥,TechInc@mastodon.social
HackspaceğŸ”¥,temporaerhaus@chaos.social
HackspaceğŸ”¥,tkkrlab@hsnl.social
HackspaceğŸ”¥,toppoint@chaos.social
HackspaceğŸ”¥,Turmlabor@chaos.social
HackspaceğŸ”¥,UN_Hack_Bar@chaos.social
HackspaceğŸ”¥,usrspace@chaos.social
HackspaceğŸ”¥,warpzone@social.bau-ha.us
HackspaceğŸ”¥,welcomewerkstatt@norden.social
HackspaceğŸ”¥,werkraum@chaos.social
HackspaceğŸ”¥,xHain_hackspace@chaos.social
HackspaceğŸ”¥,zLabor@chaos.social
HackspaceğŸ”¥,ztl@rheinneckar.social
HW HackersğŸ› ï¸,alicela1n@mastodon.online
HW HackersğŸ› ï¸,Atc1441@mastodon.social
HW HackersğŸ› ï¸,barsteward@infosec.exchange
HW HackersğŸ› ï¸,colinoflynn@bluenoser.me
HW HackersğŸ› ï¸,doragasu@mastodon.sdf.org
HW HackersğŸ› ï¸,Evie@hachyderm.io
HW HackersğŸ› ï¸,fbz@hackers.town
HW HackersğŸ› ï¸,foone@digipres.club
HW HackersğŸ› ï¸,kalleboo@bitbang.social
HW HackersğŸ› ï¸,ladyada@fosstodon.org
HW HackersğŸ› ï¸,LaserMistress@mstdn.social
HW HackersğŸ› ï¸,polpo@bitbang.social
HW HackersğŸ› ï¸,root42@chaos.social
HW HackersğŸ› ï¸,securelyfitz@chaos.social
HW HackersğŸ› ï¸,SynapticRewrite@hackers.town
HW HackersğŸ› ï¸,Th1nkCh3ck@infosec.exchange
InfoSec BlogsğŸ–±ï¸,BleepingComputer@infosec.exchange
InfoSec BlogsğŸ–±ï¸,dangoodin@infosec.exchange
InfoSec BlogsğŸ–±ï¸,insanitybit@infosec.exchange
InfoSec BlogsğŸ–±ï¸,PrivacyDigest@mas.to
InfoSec MerchğŸ’ ,1dark1@infosec.exchange
InfoSec MerchğŸ’ ,defconpunks@defcon.social
InfoSec MerchğŸ’ ,Stickerum@infosec.exchange
InfoSec NewsğŸ¿,avoidthehack@infosec.exchange
InfoSec NewsğŸ¿,ddosecrets@kolektiva.social
InfoSec NewsğŸ¿,ProPublica@newsie.social
InfoSec OrgsğŸ›¡ï¸,AdvisoryICS@infosec.exchange
InfoSec OrgsğŸ›¡ï¸,aliyesha@mastodon.social
InfoSec OrgsğŸ›¡ï¸,attackanddefense@mozilla.social
InfoSec OrgsğŸ›¡ï¸,avoidthehack@infosec.exchange
InfoSec OrgsğŸ›¡ï¸,BHinfosecurity@infosec.exchange
InfoSec OrgsğŸ›¡ï¸,BishopFox@infosec.exchange
InfoSec OrgsğŸ›¡ï¸,blacksincyber@infosec.exchange
InfoSec OrgsğŸ›¡ï¸,cert_eu@infosec.exchange
InfoSec OrgsğŸ›¡ï¸,corelight@infosec.exchange
InfoSec OrgsğŸ›¡ï¸,CrowdSec@infosec.exchange
InfoSec OrgsğŸ›¡ï¸,Cryptome@mastodon.social
InfoSec OrgsğŸ›¡ï¸,ctin@infosec.exchange
InfoSec OrgsğŸ›¡ï¸,cyberprotech@infosec.exchange
InfoSec OrgsğŸ›¡ï¸,CyberSecCanon@infosec.exchange
InfoSec OrgsğŸ›¡ï¸,cybrary@infosec.exchange
InfoSec OrgsğŸ›¡ï¸,cydcampus@infosec.exchange
InfoSec OrgsğŸ›¡ï¸,ddosecrets@kolektiva.social
InfoSec OrgsğŸ›¡ï¸,defcon@defcon.social
InfoSec OrgsğŸ›¡ï¸,doyensec@infosec.exchange
InfoSec OrgsğŸ›¡ï¸,edri@eupolicy.social
InfoSec OrgsğŸ›¡ï¸,EmeraldOnion@digitalcourage.social
InfoSec OrgsğŸ›¡ï¸,exodus@framapiaf.org
InfoSec OrgsğŸ›¡ï¸,frameworkcomputer@fosstodon.org
InfoSec OrgsğŸ›¡ï¸,hackaday@hackaday.social
InfoSec OrgsğŸ›¡ï¸,hak5@infosec.exchange
InfoSec OrgsğŸ›¡ï¸,HexRaysSA@infosec.exchange
InfoSec OrgsğŸ›¡ï¸,huntress@infosec.exchange
InfoSec OrgsğŸ›¡ï¸,Intigriti@infosec.exchange
InfoSec OrgsğŸ›¡ï¸,L0pht@infosec.exchange
InfoSec OrgsğŸ›¡ï¸,letsencrypt@infosec.exchange
InfoSec OrgsğŸ›¡ï¸,LMGsecurity@infosec.exchange
InfoSec OrgsğŸ›¡ï¸,LutaSecurity@infosec.exchange
InfoSec OrgsğŸ›¡ï¸,Maltego@infosec.exchange
InfoSec OrgsğŸ›¡ï¸,metacurity@infosec.exchange
InfoSec OrgsğŸ›¡ï¸,netblocks@mastodon.social
InfoSec OrgsğŸ›¡ï¸,netresec@infosec.exchange
InfoSec OrgsğŸ›¡ï¸,null0x00@ioc.exchange
InfoSec OrgsğŸ›¡ï¸,onlybrownmastodon@mastodon.social
InfoSec OrgsğŸ›¡ï¸,openprivacy@hachyderm.io
InfoSec OrgsğŸ›¡ï¸,openssf@social.lfx.dev
InfoSec OrgsğŸ›¡ï¸,owasp@infosec.exchange
InfoSec OrgsğŸ›¡ï¸,OWASPDorset@infosec.exchange
InfoSec OrgsğŸ›¡ï¸,packet_storm@security.theater
InfoSec OrgsğŸ›¡ï¸,pgpkeys@infosec.exchange
InfoSec OrgsğŸ›¡ï¸,privacyint@mastodon.xyz
InfoSec OrgsğŸ›¡ï¸,purism@librem.one
InfoSec OrgsğŸ›¡ï¸,recon_infosec@infosec.exchange
InfoSec OrgsğŸ›¡ï¸,ringzer0@infosec.exchange
InfoSec OrgsğŸ›¡ï¸,riseup@mastodon.social
InfoSec OrgsğŸ›¡ï¸,SANSInstituteOfficial@infosec.exchange
InfoSec OrgsğŸ›¡ï¸,sans_isc@infosec.exchange
InfoSec OrgsğŸ›¡ï¸,securedrop@fosstodon.org
InfoSec OrgsğŸ›¡ï¸,securefirmware@infosec.exchange
InfoSec OrgsğŸ›¡ï¸,sensepost@infosec.exchange
InfoSec OrgsğŸ›¡ï¸,SentinelLabs@infosec.exchange
InfoSec OrgsğŸ›¡ï¸,SentinelOne@infosec.exchange
InfoSec OrgsğŸ›¡ï¸,shadowserver@infosec.exchange
InfoSec OrgsğŸ›¡ï¸,shodan@mastodon.shodan.io
InfoSec OrgsğŸ›¡ï¸,SophosXOps@infosec.exchange
InfoSec OrgsğŸ›¡ï¸,suricata@infosec.exchange
InfoSec OrgsğŸ›¡ï¸,tallpoppy@infosec.exchange
InfoSec OrgsğŸ›¡ï¸,TalosSecurity@mstdn.social
InfoSec OrgsğŸ›¡ï¸,Tarlogic@infosec.exchange
InfoSec OrgsğŸ›¡ï¸,thenewoil@freeradical.zone
InfoSec OrgsğŸ›¡ï¸,thezdi@infosec.exchange
InfoSec OrgsğŸ›¡ï¸,tidalcyber@infosec.exchange
InfoSec OrgsğŸ›¡ï¸,torproject@mastodon.social
InfoSec OrgsğŸ›¡ï¸,trailofbits@infosec.exchange
InfoSec OrgsğŸ›¡ï¸,VeilidNetwork@hackers.town
InfoSec OrgsğŸ›¡ï¸,w3c@w3c.social
InfoSec OrgsğŸ›¡ï¸,wallofsheep@defcon.social
InfoSec OrgsğŸ›¡ï¸,WiGLEnet@defcon.social
InfoSec OrgsğŸ›¡ï¸,yeswehack@infosec.exchange
InfoSec OrgsğŸ›¡ï¸,yubico@infosec.exchange
MagazineğŸ“–,2600@mastodon.online
MagazineğŸ“–,arstechnica@mastodon.social
MagazineğŸ“–,Cryptome@mastodon.social
MagazineğŸ“–,ITSPmagazine@techhub.social
MagazineğŸ“–,pluralistic@mamot.fr
MagazineğŸ“–,ProPublica@newsie.social
MagazineğŸ“–,SecurityPrivacy@infosec.exchange
MagazineğŸ“–,SecurityWeek@infosec.exchange
PodcastsğŸ™ï¸,accidentalciso@infosec.exchange
PodcastsğŸ™ï¸,agent0x0@infosec.exchange
PodcastsğŸ™ï¸,appstories@macstories.net
PodcastsğŸ™ï¸,artofneteng@infosec.exchange
PodcastsğŸ™ï¸,bittner@hachyderm.io
PodcastsğŸ™ï¸,campuscodi@mastodon.social
PodcastsğŸ™ï¸,coffeewithayman@infosec.exchange
PodcastsğŸ™ï¸,cybrary@infosec.exchange
PodcastsğŸ™ï¸,Deciphersec@infosec.exchange
PodcastsğŸ™ï¸,gcluley@mastodon.green
PodcastsğŸ™ï¸,hak5@infosec.exchange
PodcastsğŸ™ï¸,jerry@infosec.exchange
PodcastsğŸ™ï¸,joshbressers@infosec.exchange
PodcastsğŸ™ï¸,katherined@reality2.social
PodcastsğŸ™ï¸,leo@twit.social
PodcastsğŸ™ï¸,malwaretech@infosec.exchange
PodcastsğŸ™ï¸,OffTheHook@hackers.town
PodcastsğŸ™ï¸,pathetiq@infosec.exchange
PodcastsğŸ™ï¸,paulasadoorian@infosec.exchange
PodcastsğŸ™ï¸,phil@infosec.exchange
PodcastsğŸ™ï¸,pluralistic@mamot.fr
PodcastsğŸ™ï¸,rayredacted@infosec.exchange
PodcastsğŸ™ï¸,reality2cast@reality2.social
PodcastsğŸ™ï¸,riskybusiness@infosec.exchange
PodcastsğŸ™ï¸,robertvamosi@infosec.exchange
PodcastsğŸ™ï¸,sans_isc@infosec.exchange
PodcastsğŸ™ï¸,scottwright@infosec.exchange
PodcastsğŸ™ï¸,sharedsecurity@infosec.exchange
PodcastsğŸ™ï¸,smashingsecurity@mastodon.green
PodcastsğŸ™ï¸,sr@social.lol
ReportersğŸ§»,aj_vicens@infosec.exchange
ReportersğŸ§»,brooklynmarie@mastodon.social
ReportersğŸ§»,bruces@mastodon.social
ReportersğŸ§»,brycecovert@journa.host
ReportersğŸ§»,campuscodi@mastodon.social
ReportersğŸ§»,couts@mastodon.social
ReportersğŸ§»,dangoodin@infosec.exchange
ReportersğŸ§»,davetroy@toad.social
ReportersğŸ§»,eleanordallaway@mastodonapp.uk
ReportersğŸ§»,euroinfosec@infosec.exchange
ReportersğŸ§»,gillis@infosec.exchange
ReportersğŸ§»,infosec_jcp@infosec.exchange
ReportersğŸ§»,jayrosen_nyu@mastodon.social
ReportersğŸ§»,josephcox@infosec.exchange
ReportersğŸ§»,JosephMenn@infosec.exchange
ReportersğŸ§»,jperlow@journa.host
ReportersğŸ§»,jr@twit.social
ReportersğŸ§»,kevincollier@mastodon.social
ReportersğŸ§»,kimzetter@infosec.exchange
ReportersğŸ§»,lhn@mastodon.online
ReportersğŸ§»,mattburgess@infosec.exchange
ReportersğŸ§»,micahflee@infosec.exchange
ReportersğŸ§»,mmasnick@mastodon.social
ReportersğŸ§»,paulasadoorian@infosec.exchange
ReportersğŸ§»,pernillet@mastodon.online
ReportersğŸ§»,PogoWasRight@infosec.exchange
ReportersğŸ§»,runasand@mastodon.social
ReportersğŸ§»,samsabin@mastodon.online
ReportersğŸ§»,spiegelmama@infosec.exchange
ReportersğŸ§»,taylorlorenz@mastodon.social
ReportersğŸ§»,tiffanycli@mastodon.social
ReportersğŸ§»,zackwhittaker@mastodon.social
Rev.EngğŸª„,0x2a@hachyderm.io
Rev.EngğŸª„,Azeria@mastodon.social
Rev.EngğŸª„,brk@infosec.exchange
Rev.EngğŸª„,crudd@hackers.town
Rev.EngğŸª„,kevinthomas@defcon.social
Rev.EngğŸª„,retr0id@retr0.id
Rev.EngğŸª„,ryanc@infosec.exchange
Rev.EngğŸª„,tarajdactyl@tech.lgbt
Rev.EngğŸª„,williballenthin@mastodon.social
ScienceğŸ¥¼,annaghughes@mastodon.online
ScienceğŸ¥¼,AstroKatie@mastodon.social
ScienceğŸ¥¼,kristinHenry@vis.social
ScienceğŸ¥¼,mattblaze@federate.social
ScienceğŸ¥¼,PanickedFoodie@disabled.social
ScienceğŸ¥¼,Sheril@mastodon.social
SecğŸ”â ,0ddj0bb@infosec.exchange
SecğŸ”â ,0x00string@infosec.exchange
SecğŸ”â ,0x09@hachyderm.io
SecğŸ”â ,0x3f8@infosec.exchange
SecğŸ”â ,0x58@infosec.exchange
SecğŸ”â ,0x7eff@infosec.exchange
SecğŸ”â ,0xabad1dea@infosec.exchange
SecğŸ”â ,0xamit@infosec.exchange
SecğŸ”â ,0xdaeda1a@infosec.exchange
SecğŸ”â ,0xF21D@infosec.exchange
SecğŸ”â ,0xfde@infosec.exchange
SecğŸ”â ,1dark1@infosec.exchange
SecğŸ”â ,1oopho1e@infosec.exchange
SecğŸ”â ,3ncr1pt3d@infosec.exchange
SecğŸ”â ,AAKL@noc.social
SecğŸ”â ,abrignoni@infosec.exchange
SecğŸ”â ,accidentalciso@infosec.exchange
SecğŸ”â ,adam@hax0rbana.social
SecğŸ”â ,adamhotep@infosec.exchange
SecğŸ”â ,adamshostack@infosec.exchange
SecğŸ”â ,adam_caudill@infosec.exchange
SecğŸ”â ,Adam_Mashinchi@infosec.exchange
SecğŸ”â ,addison@nothing-ever.works
SecğŸ”â ,adulau@infosec.exchange
SecğŸ”â ,aendra@hackers.town
SecğŸ”â ,aeva@infosec.exchange
SecğŸ”â ,aeva@tech.lgbt
SecğŸ”â ,agent0x0@infosec.exchange
SecğŸ”â ,aikensource@infosec.exchange
SecğŸ”â ,aircooledcafe@infosec.exchange
SecğŸ”â ,aircorridor@infosec.exchange
SecğŸ”â ,ajk@infosec.exchange
SecğŸ”â ,ajvreugdenhil@infosec.exchange
SecğŸ”â ,alaina@infosec.exchange
SecğŸ”â ,alaric@ioc.exchange
SecğŸ”â ,albinowax@infosec.exchange
SecğŸ”â ,alex@cybervillains.com
SecğŸ”â ,alexhaydock@infosec.exchange
SecğŸ”â ,alexplaskett@infosec.exchange
SecğŸ”â ,alex_02@infosec.exchange
SecğŸ”â ,alice@lgbtqia.space
SecğŸ”â ,allanfriedman@infosec.exchange
SecğŸ”â ,alyssam_infosec@infosec.exchange
SecğŸ”â ,amyengineer@infosec.exchange
SecğŸ”â ,Amypearlman@hachyderm.io
SecğŸ”â ,andrew@ottawa.place
SecğŸ”â ,angie_techcafe@infosec.exchange
SecğŸ”â ,anomalocarididae@furry.engineer
SecğŸ”â ,AnthonyCollette@infosec.exchange
SecğŸ”â ,antifuse@infosec.exchange
SecğŸ”â ,aoighost@infosec.exchange
SecğŸ”â ,apiratemoo@infosec.exchange
SecğŸ”â ,aprilwright@infosec.exchange
SecğŸ”â ,archon@infosec.exchange
SecğŸ”â ,ardosi@infosec.exchange
SecğŸ”â ,argenis@mastodon.online
SecğŸ”â ,ArtifexUmbra@hackers.town
SecğŸ”â ,ashar@infosec.exchange
SecğŸ”â ,ASquareClaire@infosec.exchange
SecğŸ”â ,AstraKernel@infosec.exchange
SecğŸ”â ,astro_emily@infosec.exchange
SecğŸ”â ,Atc1441@mastodon.social
SecğŸ”â ,atomicangel@infosec.exchange
SecğŸ”â ,AtomicMaya@tech.lgbt
SecğŸ”â ,ava@floss.social
SecğŸ”â ,axi0kers0s@infosec.exchange
SecğŸ”â ,Azeria@mastodon.social
SecğŸ”â ,b1n2h3x@infosec.exchange
SecğŸ”â ,B3NNY@infosec.exchange
SecğŸ”â ,BabblingGeek@infosec.exchange
SecğŸ”â ,babyfangs@infosec.exchange
SecğŸ”â ,badhorse@infosec.exchange
SecğŸ”â ,BagheeraAltered@infosec.exchange
SecğŸ”â ,banjofox2@hackers.town
SecğŸ”â ,barsteward@infosec.exchange
SecğŸ”â ,baud@defcon.social
SecğŸ”â ,baybedoll@infosec.exchange
SecğŸ”â ,bbaugh@infosec.exchange
SecğŸ”â ,bconstanzo@infosec.exchange
SecğŸ”â ,bcrypt@infosec.exchange
SecğŸ”â ,bdiekmann@infosec.exchange
SecğŸ”â ,bea@infosec.exchange
SecğŸ”â ,bees@infosec.exchange
SecğŸ”â ,benbrown@hackers.town
SecğŸ”â ,BetoOnSecurity@infosec.exchange
SecğŸ”â ,BiaSciLab@infosec.exchange
SecğŸ”â ,binarypool@infosec.exchange
SecğŸ”â ,binitamshah@ioc.exchange
SecğŸ”â ,binsk@fedia.social
SecğŸ”â ,binsk@infosec.town
SecğŸ”â ,blackgirlshack@infosec.exchange
SecğŸ”â ,blackhillsinfosec@infosec.exchange
SecğŸ”â ,blackmond@infosec.exchange
SecğŸ”â ,Blenster@qoto.org
SecğŸ”â ,bluecat@ioc.exchange
SecğŸ”â ,bluecatdefends@infosec.exchange
SecğŸ”â ,bluedevil@infosec.exchange
SecğŸ”â ,boerzel@infosec.exchange
SecğŸ”â ,bontchev@infosec.exchange
SecğŸ”â ,boolorand@infosec.exchange
SecğŸ”â ,brett@infosec.exchange
SecğŸ”â ,briankrebs@infosec.exchange
SecğŸ”â ,brianrphillips@infosec.exchange
SecğŸ”â ,brk@infosec.exchange
SecğŸ”â ,btanderson@infosec.exchange
SecğŸ”â ,burritosec@infosec.exchange
SecğŸ”â ,c0dec0dec0de@hachyderm.io
SecğŸ”â ,C0redump@infosec.exchange
SecğŸ”â ,cactuscon@infosec.exchange
SecğŸ”â ,cakeisnotalie@infosec.exchange
SecğŸ”â ,CalCourtKy@infosec.exchange
SecğŸ”â ,Cali@infosec.exchange
SecğŸ”â ,CarpeDiemT3ch@ioc.exchange
SecğŸ”â ,catbailey@infosec.exchange
SecğŸ”â ,catc0n@infosec.exchange
SecğŸ”â ,cbrocas@infosec.exchange
SecğŸ”â ,chakkerz@infosec.exchange
SecğŸ”â ,charlesdardaman@infosec.exchange
SecğŸ”â ,chicagocyber@infosec.exchange
SecğŸ”â ,ChickenPwny@infosec.exchange
SecğŸ”â ,chileannick@infosec.exchange
SecğŸ”â ,chillybot@infosec.exchange
SecğŸ”â ,chipchirp@ioc.exchange
SecğŸ”â ,ChloeMessdaghi@infosec.exchange
SecğŸ”â ,chmod777@infosec.exchange
SecğŸ”â ,chompie1337@haunted.computer
SecğŸ”â ,ChrisJohnRiley@infosec.exchange
SecğŸ”â ,chrissanders88@infosec.exchange
SecğŸ”â ,chronovore@infosec.exchange
SecğŸ”â ,Cirio@infosec.exchange
SecğŸ”â ,cirriustech@infosec.exchange
SecğŸ”â ,ckure@infosec.exchange
SecğŸ”â ,claucece@infosec.exchange
SecğŸ”â ,clausing@infosec.exchange
SecğŸ”â ,cloudguy@mastodon.terabyte-computing.com
SecğŸ”â ,coffeewithayman@infosec.exchange
SecğŸ”â ,coleens_@infosec.exchange
SecğŸ”â ,colinoflynn@bluenoser.me
SecğŸ”â ,com@infosec.exchange
SecğŸ”â ,CommieGIR@infosec.exchange
SecğŸ”â ,ComradeEevee@infosec.exchange
SecğŸ”â ,ConsoleWitch@pdx.social
SecğŸ”â ,cooperq@infosec.exchange
SecğŸ”â ,cosyskog@infosec.exchange
SecğŸ”â ,crackamphetamine@cyberplace.social
SecğŸ”â ,crdotson@infosec.exchange
SecğŸ”â ,crichardson@mstdn.social
SecğŸ”â ,crowgirl@hachyderm.io
SecğŸ”â ,crudd@hackers.town
SecğŸ”â ,cryptax@mastodon.social
SecğŸ”â ,curiousrobot@infosec.exchange
SecğŸ”â ,curl@infosec.exchange
SecğŸ”â ,cy@ioc.exchange
SecğŸ”â ,Cyb34_DO@infosec.exchange
SecğŸ”â ,cybergingey@infosec.exchange
SecğŸ”â ,Cyberkid1987@defcon.social
SecğŸ”â ,cybermunchkiin@infosec.exchange
SecğŸ”â ,CyberpunkLibrarian@hackers.town
SecğŸ”â ,cybersecdancer@infosec.exchange
SecğŸ”â ,cybersecdiva@infosec.exchange
SecğŸ”â ,cybersoldier@infosec.exchange
SecğŸ”â ,cybersquarepeg1@infosec.exchange
SecğŸ”â ,cybir3n@infosec.exchange
SecğŸ”â ,cyborg00101@infosec.exchange
SecğŸ”â ,cybrex@gxtech.social
SecğŸ”â ,cyb_detective@infosec.exchange
SecğŸ”â ,cypnk@hackers.town
SecğŸ”â ,d0nut@infosec.exchange
SecğŸ”â ,daeken@haqueers.com
SecğŸ”â ,damien@infosec.exchange
SecğŸ”â ,DamienHull@infosec.exchange
SecğŸ”â ,DancesWithCybermen@hackers.town
SecğŸ”â ,dangoodin@infosec.exchange
SecğŸ”â ,danielfernandez@infosec.exchange
SecğŸ”â ,danielgallagher@infosec.exchange
SecğŸ”â ,danjconn@defcon.social
SecğŸ”â ,darfplatypus@infosec.exchange
SecğŸ”â ,darkuncle@infosec.exchange
SecğŸ”â ,darkware@infosec.exchange
SecğŸ”â ,DarthSn3ak3rs@infosec.exchange
SecğŸ”â ,DataChick@mstdn.ca
SecğŸ”â ,datagoon@infosec.exchange
SecğŸ”â ,DaveMWilburn@infosec.exchange
SecğŸ”â ,davep@infosec.exchange
SecğŸ”â ,dave_aitel@mastodon.social
SecğŸ”â ,DavidJBianco@infosec.exchange
SecğŸ”â ,dawnisabel@infosec.exchange
SecğŸ”â ,da_667@infosec.exchange
SecğŸ”â ,dcuthbert@defcon.social
SecğŸ”â ,deadbeefmonster@infosec.exchange
SecğŸ”â ,defane@infosec.exchange
SecğŸ”â ,dem@infosec.exchange
SecğŸ”â ,dennisfaucher@infosec.exchange
SecğŸ”â ,dethveggie@mastodon.online
SecğŸ”â ,DevaOnBreaches@infosec.exchange
SecğŸ”â ,deviantollam@defcon.social
SecğŸ”â ,device@infosec.exchange
SecğŸ”â ,devlogic@hackers.town
SecğŸ”â ,deweyritten@infosec.exchange
SecğŸ”â ,dfeldman@hachyderm.io
SecğŸ”â ,DFIRDiva@infosec.exchange
SecğŸ”â ,DFIR_abrignoni@infosec.exchange
SecğŸ”â ,digitalempress@infosec.exchange
SecğŸ”â ,dildog@hackers.town
SecğŸ”â ,Dio9sys@haunted.computer
SecğŸ”â ,disconnected@infosec.exchange
SecğŸ”â ,dismantl@infosec.exchange
SecğŸ”â ,djspacebunny@infosec.exchange
SecğŸ”â ,dko@infosec.exchange
SecğŸ”â ,dnsprincess@infosec.exchange
SecğŸ”â ,drahcir_rahl@defcon.social
SecğŸ”â ,drwho@hackers.town
SecğŸ”â ,dustinfinn@infosec.exchange
SecğŸ”â ,dwizzzle@infosec.exchange
SecğŸ”â ,dwmetz@infosec.exchange
SecğŸ”â ,DXS@infosec.exchange
SecğŸ”â ,dykstra@infosec.exchange
SecğŸ”â ,dymaxion@infosec.exchange
SecğŸ”â ,dyn@infosec.exchange
SecğŸ”â ,dziewxc@infosec.exchange
SecğŸ”â ,eingfoan@infosec.exchange
SecğŸ”â ,ejodlowska@infosec.exchange
SecğŸ”â ,elejia@hachyderm.io
SecğŸ”â ,ellesaurus@toot.lgbt
SecğŸ”â ,Ellopunk@infosec.exchange
SecğŸ”â ,Em0nM4stodon@infosec.exchange
SecğŸ”â ,emilyposting@hachyderm.io
SecğŸ”â ,EmZaid@infosec.exchange
SecğŸ”â ,enscroot@infosec.exchange
SecğŸ”â ,epixoip@infosec.exchange
SecğŸ”â ,eric_capuano@infosec.exchange
SecğŸ”â ,erosdiscordia@hackers.town
SecğŸ”â ,estark@infosec.exchange
SecğŸ”â ,evercia@infosec.exchange
SecğŸ”â ,Evie@hachyderm.io
SecğŸ”â ,e_er1n@hackers.town
SecğŸ”â ,fadednick@infosec.exchange
SecğŸ”â ,farewell_ladmin@infosec.exchange
SecğŸ”â ,fbarton@infosec.exchange
SecğŸ”â ,fbz@hackers.town
SecğŸ”â ,fknbrie@tech.lgbt
SecğŸ”â ,FlagrantError@beige.party
SecğŸ”â ,float13@hackers.town
SecğŸ”â ,Freemind@mastodon.online
SecğŸ”â ,FritzAdalis@infosec.exchange
SecğŸ”â ,fs0c131y@infosec.exchange
SecğŸ”â ,fuomag9@lime.fuo.fi
SecğŸ”â ,fussycoder@infosec.exchange
SecğŸ”â ,fuzztech@infosec.exchange
SecğŸ”â ,g4l4drim@infosec.exchange
SecğŸ”â ,g@irrelephant.co
SecğŸ”â ,gabsmashh@infosec.exchange
SecğŸ”â ,gattaca@infosec.exchange
SecğŸ”â ,gaz@infosec.exchange
SecğŸ”â ,gcluley@mastodon.green
SecğŸ”â ,gdbassett@mastodon.social
SecğŸ”â ,geekgrrl@infosec.exchange
SecğŸ”â ,GhostedShell@infosec.exchange
SecğŸ”â ,gillis@infosec.exchange
SecğŸ”â ,Ginger_hax@infosec.exchange
SecğŸ”â ,girlgerms@infosec.exchange
SecğŸ”â ,gleeda@infosec.exchange
SecğŸ”â ,goncalor@infosec.exchange
SecğŸ”â ,GossiTheDog@cyberplace.social
SecğŸ”â ,gradius@infosec.exchange
SecğŸ”â ,graham@infosec.exchange
SecğŸ”â ,Grazhopper@infosec.exchange
SecğŸ”â ,grecs@infosec.exchange
SecğŸ”â ,grey@infosec.exchange
SecğŸ”â ,GRsec@infosec.exchange
SecğŸ”â ,grunk@hachyderm.io
SecğŸ”â ,gsuberland@chaos.social
SecğŸ”â ,guardiancosmos@infosec.exchange
SecğŸ”â ,gzobra@infosec.exchange
SecğŸ”â ,h0x0d@mstdn.social
SecğŸ”â ,ha3ks@infosec.exchange
SecğŸ”â ,hackdefendr@infosec.town
SecğŸ”â ,hackingbutlegal@toad.social
SecğŸ”â ,HackingDave@infosec.exchange
SecğŸ”â ,hackNpatch@infosec.exchange
SecğŸ”â ,hacks4pancakes@infosec.exchange
SecğŸ”â ,hacksilon@infosec.exchange
SecğŸ”â ,HalvarFlake@mastodon.social
SecğŸ”â ,hal_pomeranz@infosec.exchange
SecğŸ”â ,hannahshouse2@toot.community
SecğŸ”â ,hax010t1@infosec.exchange
SecğŸ”â ,haystack@infosec.exchange
SecğŸ”â ,hB0mb@infosec.exchange
SecğŸ”â ,hdm@infosec.exchange
SecğŸ”â ,HeadlessZeke@infosec.exchange
SecğŸ”â ,heckinteagan@infosec.exchange
SecğŸ”â ,hedwyg@med-mastodon.com
SecğŸ”â ,Heidi@infosec.exchange
SecğŸ”â ,helma@mastodon.social
SecğŸ”â ,Hetti@chaos.social
SecğŸ”â ,Hex@kolektiva.social
SecğŸ”â ,hexadecim8@infosec.exchange
SecğŸ”â ,hiddenmaces@infosec.exchange
SecğŸ”â ,hmhackmaster@boldcity.social
SecğŸ”â ,Holir_@infosec.exchange
SecğŸ”â ,horse@infosec.exchange
SecğŸ”â ,http_error_418@hachyderm.io
SecğŸ”â ,huertanix@tenforward.social
SecğŸ”â ,i0null@infosec.exchange
SecğŸ”â ,iagox86@infosec.exchange
SecğŸ”â ,ian@hachyderm.io
SecğŸ”â ,icesurfer@infosec.exchange
SecğŸ”â ,iCyberFighter@infosec.exchange
SecğŸ”â ,infobex@infosec.exchange
SecğŸ”â ,infoseclogger@infosec.exchange
SecğŸ”â ,InfoSecSherpa@infosec.exchange
SecğŸ”â ,infosec_jcp@infosec.exchange
SecğŸ”â ,infosystir@infosec.exchange
SecğŸ”â ,init_6_@infosec.exchange
SecğŸ”â ,insanitybit@infosec.exchange
SecğŸ”â ,insiderphd@infosec.exchange
SecğŸ”â ,IntelSoup@infosec.exchange
SecğŸ”â ,InvertedLina@infosec.exchange
SecğŸ”â ,iplaynice@infosec.exchange
SecğŸ”â ,itgrrl@infosec.exchange
SecğŸ”â ,itisiboller@infosec.exchange
SecğŸ”â ,j4yc33@sb17.space
SecğŸ”â ,jad7r@infosec.exchange
SecğŸ”â ,JamesHauber@infosec.exchange
SecğŸ”â ,james_inthe_box@infosec.exchange
SecğŸ”â ,JaysonEStreet@infosec.exchange
SecğŸ”â ,jaythvv@infosec.exchange
SecğŸ”â ,jbaggs@infosec.exchange
SecğŸ”â ,jbe@esq.social
SecğŸ”â ,jbhall56@infosec.exchange
SecğŸ”â ,jbowen@mast.hpc.social
SecğŸ”â ,JDN5IX@hackers.town
SecğŸ”â ,jedisct1@mastodon.social
SecğŸ”â ,jeff@noxon.cc
SecğŸ”â ,jennifer@defcon.social
SecğŸ”â ,JensHannemann@mastodon.online
SecğŸ”â ,jeromesegura@infosec.exchange
SecğŸ”â ,jerry@blog.infosec.exchange
SecğŸ”â ,jerry@infosec.exchange
SecğŸ”â ,JessTheUnstill@infosec.exchange
SecğŸ”â ,JetSm00th@infosec.exchange
SecğŸ”â ,jfslowik@infosec.exchange
SecğŸ”â ,JHunt@infosec.exchange
SecğŸ”â ,jjx@infosec.exchange
SecğŸ”â ,jkirk@infosec.exchange
SecğŸ”â ,joanna@infosec.exchange
SecğŸ”â ,joern@threatactor.club
SecğŸ”â ,joernchen@mastodon.social
SecğŸ”â ,Joflixen@infosec.exchange
SecğŸ”â ,JohnHammond@infosec.exchange
SecğŸ”â ,johnnie@defcon.social
SecğŸ”â ,jonathandata0@infosec.exchange
SecğŸ”â ,joshbressers@infosec.exchange
SecğŸ”â ,joshbrunty@infosec.exchange
SecğŸ”â ,JoshCGrossman@infosec.exchange
SecğŸ”â ,joshlemon@infosec.exchange
SecğŸ”â ,jrdepriest@infosec.exchange
SecğŸ”â ,Jrod@infosec.exchange
SecğŸ”â ,JSCybersec@infosec.exchange
SecğŸ”â ,jsrailton@mastodon.social
SecğŸ”â ,jstangroome@infosec.exchange
SecğŸ”â ,jtomasello@mastodon.social
SecğŸ”â ,jtyrus@ioc.exchange
SecğŸ”â ,julianferdinand@infosec.exchange
SecğŸ”â ,jullrich@infosec.exchange
SecğŸ”â ,Jun34u@infosec.exchange
SecğŸ”â ,JustCodeCulture@mastodon.social
SecğŸ”â ,jwgoerlich@infosec.exchange
SecğŸ”â ,jwz@mastodon.social
SecğŸ”â ,j_opdenakker@infosec.exchange
SecğŸ”â ,K3n_5s@infosec.exchange
SecğŸ”â ,k3ym0@infosec.exchange
SecğŸ”â ,k8em0@infosec.exchange
SecğŸ”â ,kalmn@wandering.shop
SecğŸ”â ,kaoudis@infosec.exchange
SecğŸ”â ,katalyst@chaos.social
SecğŸ”â ,katherined@reality2.social
SecğŸ”â ,katyanton@infosec.exchange
SecğŸ”â ,kennwhite@mastodon.social
SecğŸ”â ,kensims@infosec.exchange
SecğŸ”â ,kevinthomas@defcon.social
SecğŸ”â ,kimmy@hackers.town
SecğŸ”â ,kkarhan@mstdn.social
SecğŸ”â ,koalafiedhacker@infosec.exchange
SecğŸ”â ,koronkowy@infosec.exchange
SecğŸ”â ,kpwn@infosec.exchange
SecğŸ”â ,krinnyj@infosec.exchange
SecğŸ”â ,krux@infosec.exchange
SecğŸ”â ,ksaj@infosec.exchange
SecğŸ”â ,kurtisj@infosec.exchange
SecğŸ”â ,KyanHexagon@infosec.exchange
SecğŸ”â ,L0pht@infosec.exchange
SecğŸ”â ,LambdaCalculus@hackers.town
SecğŸ”â ,LambdaCube@infosec.exchange
SecğŸ”â ,lampsofgold@nutmeg.social
SecğŸ”â ,laren@infosec.exchange
SecğŸ”â ,larry@infosec.exchange
SecğŸ”â ,laserfox@infosec.exchange
SecğŸ”â ,leak@hachyderm.io
SecğŸ”â ,LeeArchinal@ioc.exchange
SecğŸ”â ,legind@mastodon.social
SecğŸ”â ,legion303@infosec.exchange
SecğŸ”â ,leigh@ottawa.place
SecğŸ”â ,lestari@infosec.exchange
SecğŸ”â ,letswastetime@infosec.exchange
SecğŸ”â ,libra@infosec.exchange
SecğŸ”â ,ligniform@infosec.exchange
SecğŸ”â ,likethecoins@infosec.exchange
SecğŸ”â ,lilstevie@infosec.exchange
SecğŸ”â ,lil_lost@infosec.exchange
SecğŸ”â ,LindseyODWelch@infosec.exchange
SecğŸ”â ,lintile@hackers.town
SecğŸ”â ,linuxandyarn@infosec.exchange
SecğŸ”â ,lisihocke@mastodon.social
SecğŸ”â ,LitMoose@infosec.exchange
SecğŸ”â ,ljrk@todon.eu
SecğŸ”â ,lkarlslund@infosec.exchange
SecğŸ”â ,lmorchard@hackers.town
SecğŸ”â ,Lockdownyourlife@infosec.exchange
SecğŸ”â ,lorenzofb@infosec.exchange
SecğŸ”â ,lucidh3x@infosec.exchange
SecğŸ”â ,Lucky225@infosec.exchange
SecğŸ”â ,luigirenna@infosec.exchange
SecğŸ”â ,lukasz@hachyderm.io
SecğŸ”â ,LukaszOlejnik@mastodon.social
SecğŸ”â ,lynngrant@infosec.exchange
SecğŸ”â ,lzg@mastodon.social
SecğŸ”â ,m0noc@infosec.exchange
SecğŸ”â ,madcap@hackers.town
SecğŸ”â ,maddiefuzz@hackers.town
SecğŸ”â ,maddiestone@infosec.exchange
SecğŸ”â ,Magneto@hackers.town
SecğŸ”â ,mainframed767@infosec.exchange
SecğŸ”â ,malanalysis@infosec.exchange
SecğŸ”â ,maldr0id@infosec.exchange
SecğŸ”â ,malort_fatigue@infosec.exchange
SecğŸ”â ,malvuln@infosec.exchange
SecğŸ”â ,malwarejake@infosec.exchange
SecğŸ”â ,malwaremedusa@social.linux.pizza
SecğŸ”â ,malwareminigun@infosec.exchange
SecğŸ”â ,malwaretech@infosec.exchange
SecğŸ”â ,malwareunicorn@infosec.exchange
SecğŸ”â ,malwareunicorn@mastodon.social
SecğŸ”â ,malware_traffic@infosec.exchange
SecğŸ”â ,maradydd@mastodon.social
SecğŸ”â ,MarcusBotacin@infosec.exchange
SecğŸ”â ,mariemoe@infosec.exchange
SecğŸ”â ,martijn_grooten@mastodon.social
SecğŸ”â ,masters@infosec.exchange
SecğŸ”â ,matir@infosec.exchange
SecğŸ”â ,matt_pardo@infosec.exchange
SecğŸ”â ,maxeddy@infosec.exchange
SecğŸ”â ,mayahustle@infosec.exchange
SecğŸ”â ,MayaKaczorowski@infosec.exchange
SecğŸ”â ,mcgrew@defcon.social
SecğŸ”â ,Medus4@hackers.town
SecğŸ”â ,megan@infosec.exchange
SecğŸ”â ,melindamarks@infosec.exchange
SecğŸ”â ,merospit@infosec.exchange
SecğŸ”â ,Mer__edith@mastodon.world
SecğŸ”â ,metlstorm@infosec.exchange
SecğŸ”â ,micahflee@infosec.exchange
SecğŸ”â ,mikemcdnet@infosec.exchange
SecğŸ”â ,mikey@friendsofdesoto.social
SecğŸ”â ,miri@infosec.exchange
SecğŸ”â ,MissRwanda@infosec.exchange
SecğŸ”â ,mitka@hachyderm.io
SecğŸ”â ,mjg59@nondeterministic.computer
SecğŸ”â ,molly0xfff@hachyderm.io
SecğŸ”â ,MouseOfMadness@defcon.social
SecğŸ”â ,mraerino@mas.to
SecğŸ”â ,MrsMouse@social.dsmouse.net
SecğŸ”â ,mrs_skelli@infosec.exchange
SecğŸ”â ,mruef@infosec.exchange
SecğŸ”â ,mttaggart@infosec.town
SecğŸ”â ,mubix@infosec.exchange
SecğŸ”â ,Muddobbers@infosec.exchange
SecğŸ”â ,multi_task_king@infosec.exchange
SecğŸ”â ,munin@infosec.exchange
SecğŸ”â ,MurphysLaw@infosec.exchange
SecğŸ”â ,mussar@infosec.exchange
SecğŸ”â ,muteki@infosec.exchange
SecğŸ”â ,muvvim47@mastodon.uno
SecğŸ”â ,mxlina@infosec.exchange
SecğŸ”â ,myraccoonhands@infosec.exchange
SecğŸ”â ,mysk@defcon.social
SecğŸ”â ,MythSigh@infosec.exchange
SecğŸ”â ,mzbat@infosec.exchange
SecğŸ”â ,n0kovo@infosec.exchange
SecğŸ”â ,n0x08@infosec.exchange
SecğŸ”â ,n1ghtw0lf@infosec.exchange
SecğŸ”â ,neilcar@infosec.exchange
SecğŸ”â ,neonplaidpants@infosec.exchange
SecğŸ”â ,neonskog@infosec.exchange
SecğŸ”â ,NerdShinobi@infosec.exchange
SecğŸ”â ,netalexx@infosec.exchange
SecğŸ”â ,netrom@infosec.exchange
SecğŸ”â ,neurovagrant@masto.deoan.org
SecğŸ”â ,NicoleBeckwith@infosec.exchange
SecğŸ”â ,nikahverse@infosec.exchange
SecğŸ”â ,nohackme@defcon.social
SecğŸ”â ,noiq@infosec.exchange
SecğŸ”â ,Northvein@infosec.exchange
SecğŸ”â ,nostarch@infosec.exchange
SecğŸ”â ,nova@hachyderm.io
SecğŸ”â ,nrg@infosec.exchange
SecğŸ”â ,nullagent@partyon.xyz
SecğŸ”â ,nullpo@hackers.town
SecğŸ”â ,nullt3r@infosec.exchange
SecğŸ”â ,orthographyczar@infosec.exchange
SecğŸ”â ,ouaibe@infosec.exchange
SecğŸ”â ,Packetcop541@infosec.exchange
SecğŸ”â ,pathetiq@infosec.exchange
SecğŸ”â ,patrickcmiller@infosec.exchange
SecğŸ”â ,paulasadoorian@infosec.exchange
SecğŸ”â ,pauliehedron@infosec.exchange
SecğŸ”â ,paulsanders@infosec.exchange
SecğŸ”â ,pbrass@infosec.exchange
SecğŸ”â ,penguintech@infosec.exchange
SecğŸ”â ,penllawen@infosec.exchange
SecğŸ”â ,PeterOlson@ioc.exchange
SecğŸ”â ,pezhore@hachyderm.io
SecğŸ”â ,phil@infosec.exchange
SecğŸ”â ,phreakmonkey@infosec.exchange
SecğŸ”â ,pixelnull@infosec.exchange
SecğŸ”â ,pjm@infosec.exchange
SecğŸ”â ,planetscape@social.linux.pizza
SecğŸ”â ,pluralistic@mamot.fr
SecğŸ”â ,popfly@infosec.exchange
SecğŸ”â ,postmodern@infosec.exchange
SecğŸ”â ,pr0xylife@infosec.exchange
SecğŸ”â ,prats@infosec.exchange
SecğŸ”â ,prehensile@tech.lgbt
SecğŸ”â ,professor_kilroy@infosec.exchange
SecğŸ”â ,Prometheus@infosec.exchange
SecğŸ”â ,promovicz@chaos.social
SecğŸ”â ,pseudonym@mastodon.online
SecğŸ”â ,psiinon@infosec.exchange
SecğŸ”â ,Pwnallthethings@mastodon.social
SecğŸ”â ,quesadilla@defcon.social
SecğŸ”â ,r0wdy_@infosec.exchange
SecğŸ”â ,rabbit@mastodon.social
SecğŸ”â ,RachaelAva1024@tech.lgbt
SecğŸ”â ,racheltobac@infosec.exchange
SecğŸ”â ,raptor@infosec.exchange
SecğŸ”â ,raulhormel@infosec.exchange
SecğŸ”â ,RavenIroneye@infosec.exchange
SecğŸ”â ,rawcode@infosec.exchange
SecğŸ”â ,rayredacted@infosec.exchange
SecğŸ”â ,RedPandaDoge@infosec.exchange
SecğŸ”â ,redteamwrangler@mastodon.social
SecğŸ”â ,reea@infosec.exchange
SecğŸ”â ,regulartacos@infosec.exchange
SecğŸ”â ,rej_ex@infosec.exchange
SecğŸ”â ,requiem@hackers.town
SecğŸ”â ,research@infosec.exchange
SecğŸ”â ,reswob@infosec.exchange
SecğŸ”â ,ret2bed@infosec.exchange
SecğŸ”â ,retr0id@retr0.id
SecğŸ”â ,RetweetableN14@hackers.town
SecğŸ”â ,reverseics@infosec.exchange
SecğŸ”â ,reybango@infosec.exchange
SecğŸ”â ,RGB_Lights@infosec.exchange
SecğŸ”â ,rgegriff@hackers.town
SecğŸ”â ,riamaria@infosec.exchange
SecğŸ”â ,richinseattle@infosec.exchange
SecğŸ”â ,riskybusiness@infosec.exchange
SecğŸ”â ,robertvamosi@infosec.exchange
SecğŸ”â ,robotfactory@tech.lgbt
SecğŸ”â ,Rob_T_Firefly@hackers.town
SecğŸ”â ,rodtrent@infosec.exchange
SecğŸ”â ,RonahsArk@infosec.exchange
SecğŸ”â ,RoyalHoeliness@infosec.exchange
SecğŸ”â ,rstarman@infosec.exchange
SecğŸ”â ,runforserenity@mastodon.social
SecğŸ”â ,ryanc@infosec.exchange
SecğŸ”â ,ryancoordinator@fosstodon.org
SecğŸ”â ,rysiek@mstdn.social
SecğŸ”â ,Samunoske@infosec.exchange
SecğŸ”â ,sanjaymenon@mastodon.social
SecğŸ”â ,santosdoel@infosec.exchange
SecğŸ”â ,sarahjamielewis@mastodon.social
SecğŸ”â ,sarahyo@infosec.exchange
SecğŸ”â ,saraislet@infosec.exchange
SecğŸ”â ,Saren42@infosec.exchange
SecğŸ”â ,sassdawe@infosec.exchange
SecğŸ”â ,SASSnRaaS@infosec.exchange
SecğŸ”â ,scottwright@infosec.exchange
SecğŸ”â ,screem@infosec.exchange
SecğŸ”â ,seadev@infosec.exchange
SecğŸ”â ,SeanWrightSec@infosec.exchange
SecğŸ”â ,seb@ioc.exchange
SecğŸ”â ,sec@social.sdf.org
SecğŸ”â ,SecBarbie@defcon.social
SecğŸ”â ,SecEvangelism@hachyderm.io
SecğŸ”â ,SecHubb@ioc.exchange
SecğŸ”â ,Secitup@infosec.exchange
SecğŸ”â ,SecOpsWarrior@infosec.exchange
SecğŸ”â ,secresDoge@infosec.exchange
SecğŸ”â ,SecureInStyle@fashionsocial.host
SecğŸ”â ,SecureOwl@infosec.exchange
SecğŸ”â ,securingdev@infosec.exchange
SecğŸ”â ,SecuringSystems@infosec.exchange
SecğŸ”â ,SecurityWriter@infosec.exchange
SecğŸ”â ,Seibai@infosec.exchange
SecğŸ”â ,Sempf@infosec.exchange
SecğŸ”â ,sgraham@mstdn.social
SecğŸ”â ,shadowtux@shadowtoot.space
SecğŸ”â ,Shanna@infosec.exchange
SecğŸ”â ,shatter@defcon.social
SecğŸ”â ,SheHacksPurple@infosec.exchange
SecğŸ”â ,shellsharks@infosec.exchange
SecğŸ”â ,shey@infosec.exchange
SecğŸ”â ,shortridge@hachyderm.io
SecğŸ”â ,sickmatter@infosec.exchange
SecğŸ”â ,Sidneys1@infosec.exchange
SecğŸ”â ,Signed_Ro0t@infosec.exchange
SecğŸ”â ,siliconshecky@infosec.exchange
SecğŸ”â ,simontsui@infosec.exchange
SecğŸ”â ,simonzerafa@infosec.exchange
SecğŸ”â ,simplenomad@rigor-mortis.nmrc.org
SecğŸ”â ,sindarina@ngmx.com
SecğŸ”â ,sj@social.scriptjunkie.us
SecğŸ”â ,sjhilt@infosec.exchange
SecğŸ”â ,snipe@hackers.town
SecğŸ”â ,SnoozyRests@infosec.exchange
SecğŸ”â ,SoniaCuff@infosec.exchange
SecğŸ”â ,sophie@catgirl.cloud
SecğŸ”â ,sophie@social.lol
SecğŸ”â ,sophieschmieg@infosec.exchange
SecğŸ”â ,spacerog@mastodon.social
SecğŸ”â ,spatula@tech.lgbt
SecğŸ”â ,spiegelmama@infosec.exchange
SecğŸ”â ,spike@infosec.exchange
SecğŸ”â ,squiblydoo@infosec.exchange
SecğŸ”â ,StaceyHolleran@infosec.exchange
SecğŸ”â ,StartupNextDoor@hachyderm.io
SecğŸ”â ,stem_sadie@infosec.exchange
SecğŸ”â ,stephandsec@infosec.exchange
SecğŸ”â ,steve@mastohack.com
SecğŸ”â ,SteveD3@infosec.exchange
SecğŸ”â ,StrongFort@infosec.exchange
SecğŸ”â ,stroz@infosec.exchange
SecğŸ”â ,StrykerNoStriking@infosec.exchange
SecğŸ”â ,suldrew@xoxo.zone
SecğŸ”â ,superruserr@infosec.exchange
SecğŸ”â ,SuperTeece@hackers.town
SecğŸ”â ,SwiftOnSecurity@infosec.exchange
SecğŸ”â ,switt@infosec.exchange
SecğŸ”â ,sycophantic@infosec.exchange
SecğŸ”â ,Sysengineer@infosec.exchange
SecğŸ”â ,Tabatha@infosec.exchange
SecğŸ”â ,tac0shell@hackers.town
SecğŸ”â ,taeluralexis@infosec.exchange
SecğŸ”â ,Taffy@cyberplace.social
SecğŸ”â ,tantotdev@floss.social
SecğŸ”â ,taylorbanks@infosec.exchange
SecğŸ”â ,TCMBC@defcon.social
SecğŸ”â ,Techlawyer@infosec.exchange
SecğŸ”â ,techsuppork@infosec.exchange
SecğŸ”â ,ted@social.shofutex.net
SecğŸ”â ,tedi@infosec.exchange
SecğŸ”â ,tek@freeradical.zone
SecğŸ”â ,teriradichel@infosec.exchange
SecğŸ”â ,TessMishoe@ioc.exchange
SecğŸ”â ,textfiles@digipres.club
SecğŸ”â ,Th1nkCh3ck@infosec.exchange
SecğŸ”â ,th3CyF0x@infosec.exchange
SecğŸ”â ,that_lurker@infosec.exchange
SecğŸ”â ,thc@infosec.exchange
SecğŸ”â ,the6wicked6one6@infosec.exchange
SecğŸ”â ,TheButterZone@defcon.social
SecğŸ”â ,TheDarkHorse@hackers.town
SecğŸ”â ,thedarktangent@defcon.social
SecğŸ”â ,TheDrPinky@infosec.exchange
SecğŸ”â ,thefyuuri@infosec.exchange
SecğŸ”â ,TheGibson@hackers.town
SecğŸ”â ,thegrugq@infosec.exchange
SecğŸ”â ,themoep@infosec.exchange
SecğŸ”â ,thepacketrat@infosec.exchange
SecğŸ”â ,theracecondition@ioc.exchange
SecğŸ”â ,theruran@hackers.town
SecğŸ”â ,TheSeaonion@infosec.exchange
SecğŸ”â ,thezdi@infosec.exchange
SecğŸ”â ,thomasareed@infosec.exchange
SecğŸ”â ,threathuntergirl@infosec.exchange
SecğŸ”â ,ThreatHunterJax@infosec.exchange
SecğŸ”â ,threatresearch@infosec.exchange
SecğŸ”â ,tib3rius@infosec.exchange
SecğŸ”â ,TimMedin@infosec.exchange
SecğŸ”â ,TindrasGrove@infosec.exchange
SecğŸ”â ,tinker@infosec.exchange
SecğŸ”â ,todb@infosec.exchange
SecğŸ”â ,tomchop@infosec.exchange
SecğŸ”â ,tomgag@infosec.exchange
SecğŸ”â ,tompohl@infosec.exchange
SecğŸ”â ,tprophet@defcon.social
SecğŸ”â ,tracketpacer@infosec.exchange
SecğŸ”â ,triciakickssaas@infosec.exchange
SecğŸ”â ,tsiolkovsky@infosec.exchange
SecğŸ”â ,tveastman@cloudisland.nz
SecğŸ”â ,tychotithonus@infosec.exchange
SecğŸ”â ,type404_@infosec.exchange
SecğŸ”â ,U039b@mastodon.social
SecğŸ”â ,UK_Daniel_Card@infosec.exchange
SecğŸ”â ,underthebreach@infosec.exchange
SecğŸ”â ,unixsh_it@infosec.exchange
SecğŸ”â ,unknownbinaries@masto.deoan.org
SecğŸ”â ,ushi@infosec.exchange
SecğŸ”â ,vaurora@wandering.shop
SecğŸ”â ,verovaleros@infosec.exchange
SecğŸ”â ,vict0ni@infosec.exchange
SecğŸ”â ,vidmo@infosec.exchange
SecğŸ”â ,vinoth@infosec.exchange
SecğŸ”â ,viq@hackerspace.pl
SecğŸ”â ,Viss@mastodon.social
SecğŸ”â ,vito@hackers.town
SecğŸ”â ,vortex@infosec.exchange
SecğŸ”â ,vortex_egg@ioc.exchange
SecğŸ”â ,VSheHer@infosec.exchange
SecğŸ”â ,VVX7@haunted.computer
SecğŸ”â ,wally3k@infosec.exchange
SecğŸ”â ,wbm312@infosec.exchange
SecğŸ”â ,webhat@infosec.exchange
SecğŸ”â ,Wednesday@defcon.social
SecğŸ”â ,wendyck@mastodon.social
SecğŸ”â ,wendynather@infosec.exchange
SecğŸ”â ,whatever_sauce@infosec.exchange
SecğŸ”â ,whetherido@infosec.exchange
SecğŸ”â ,wilbr@glitch.social
SecğŸ”â ,willasaywhat@infosec.exchange
SecğŸ”â ,willc@infosec.exchange
SecğŸ”â ,williballenthin@mastodon.social
SecğŸ”â ,wirefall@infosec.exchange
SecğŸ”â ,witch_sec@infosec.exchange
SecğŸ”â ,wntrsldr0x01@infosec.exchange
SecğŸ”â ,wolfen351@infosec.exchange
SecğŸ”â ,wolke@mastodon.social
SecğŸ”â ,WPalant@infosec.exchange
SecğŸ”â ,Wrewdison@hackers.town
SecğŸ”â ,Wynter@infosec.exchange
SecğŸ”â ,x0rz@infosec.exchange
SecğŸ”â ,xme@infosec.exchange
SecğŸ”â ,xorhex@infosec.exchange
SecğŸ”â ,xpn@infosec.exchange
SecğŸ”â ,yawnbox@disobey.net
SecğŸ”â ,yossarian@infosec.exchange
SecğŸ”â ,z3r0fox@mastodon.social
SecğŸ”â ,zak@infosec.exchange
SecğŸ”â ,Zardus@defcon.social
SecğŸ”â ,zeljkazorz@infosec.exchange
SecğŸ”â ,zodmagus@infosec.exchange
SecğŸ”â ,zoracon@infosec.exchange
SecğŸ”â ,_4_d_4_m_@infosec.exchange
Techâš™ï¸,ashten@social.platypus-sandbox.com
Techâš™ï¸,btp@fosstodon.org
Techâš™ï¸,CliffWade@allthingstech.social
Techâš™ï¸,damon@firefish.social
Techâš™ï¸,Datterich@darmstadt.social
Techâš™ï¸,DelilahTech@tech.lgbt
Techâš™ï¸,DigitalJacobin@mastodon.social
Techâš™ï¸,est@emily.news
Techâš™ï¸,fantashley@mastodon.social
Techâš™ï¸,histoftech@mastodon.social
Techâš™ï¸,indigoparadox@mastodon.social
Techâš™ï¸,keen456@infosec.exchange
Techâš™ï¸,kjoo@hachyderm.io
Techâš™ï¸,lfisk@infosec.exchange
Techâš™ï¸,masta0f1eave@akkoma.cryptoschizo.club
Techâš™ï¸,mastobit@awscommunity.social
Techâš™ï¸,MulticlassGeek@meow.social
Techâš™ï¸,oliphant@oliphant.social
Techâš™ï¸,potatogunkelly@infosec.exchange
Techâš™ï¸,radicalkjax@infosec.exchange
Techâš™ï¸,risottobias@tech.lgbt
Techâš™ï¸,rooster@chaosfem.tw
Techâš™ï¸,sam@social.data.coop
Techâš™ï¸,tagtraeumernemo@chaos.social
Techâš™ï¸,teapot_ben@glammr.us
Techâš™ï¸,thomholwerda@social.tchncs.de
Techâš™ï¸,tournesol@peculiar.florist
Techâš™ï¸,waimus@peoplemaking.games
âŒInactive,binarypool@infosec.exchange
âŒInactive,corenominal@indieweb.social
âŒInactive,Jun34u@infosec.exchange
âŒInactive,ladyada@fosstodon.org
âŒInactive,maradydd@mastodon.social
âŒInactive,RedPandaDoge@infosec.exchange
âŒInactive,RoyalHoeliness@infosec.exchange
âŒInactive,santosdoel@infosec.exchange
âŒInactive,sarahyo@infosec.exchange
âŒInactive,todd@librem.one
âŒInactive,type404_@infosec.exchange
âŒInactive,xpn@infosec.exchange
ã‹ğŸ›ï¸,adafruit@mastodon.cloud
ã‹ğŸ›ï¸,alperovitch@infosec.exchange
ã‹ğŸ›ï¸,ars42525@odakyu.app
ã‹ğŸ›ï¸,blackhillsinfosec@infosec.exchange
ã‹ğŸ›ï¸,BleepingComputer@infosec.exchange
ã‹ğŸ›ï¸,cactuscon@infosec.exchange
ã‹ğŸ›ï¸,Codeberg@social.anoxinon.de
ã‹ğŸ›ï¸,DianaInitiative@defcon.social
ã‹ğŸ›ï¸,exodus@framapiaf.org
ã‹ğŸ›ï¸,frameworkcomputer@fosstodon.org
ã‹ğŸ›ï¸,fsfe@mastodon.social
ã‹ğŸ›ï¸,hexordia@infosec.exchange
ã‹ğŸ›ï¸,internetarchive@mastodon.archive.org
ã‹ğŸ›ï¸,Liberapay@mastodon.xyz
ã‹ğŸ›ï¸,mastohost@mastodon.social
ã‹ğŸ›ï¸,nixCraft@mastodon.social
ã‹ğŸ›ï¸,privacyint@media.privacyinternational.org
ã‹ğŸ›ï¸,protonmail@mastodon.social
ã‹ğŸ›ï¸,purism@librem.one
ã‹ğŸ›ï¸,radareorg@infosec.exchange
ã‹ğŸ›ï¸,scipag@infosec.exchange
ã‹ğŸ›ï¸,securefirmware@infosec.exchange
ã‹ğŸ›ï¸,securityonion@infosec.exchange
ã‹ğŸ›ï¸,serpentos@fosstodon.org
ã‹ğŸ›ï¸,slashdot@mastodon.cloud
ã‹ğŸ›ï¸,thezdi@infosec.exchange
ã‹ğŸ›ï¸,vuldb@infosec.exchange
ã‹ğŸ›ï¸,yubico@infosec.exchange
ğŸ˜€â ,adhdeanasl@beige.party
ğŸ˜€â ,Alice@beige.party
ğŸ˜€â ,Ashley@tooters.org
ğŸ˜€â ,azedand2knots@beige.party
ğŸ˜€â ,batkaren@mastodon.online
ğŸ˜€â ,blackbatflower@horrorhub.club
ğŸ˜€â ,dabertime@mstdn.social
ğŸ˜€â ,da_667@infosec.exchange
ğŸ˜€â ,dgar@aus.social
ğŸ˜€â ,disappointed_idealist@mindly.social
ğŸ˜€â ,ginnyhogan@mstdn.jp
ğŸ˜€â ,greegreehoist@mastodon.world
ğŸ˜€â ,gupton68@mastodon.online
ğŸ˜€â ,heatherjs@nerdculture.de
ğŸ˜€â ,i0null@infosec.exchange
ğŸ˜€â ,ipg@wetdry.world
ğŸ˜€â ,jimmerthatisall@universeodon.com
ğŸ˜€â ,jimmy_jim_James@mastodon.social
ğŸ˜€â ,juanejot@beige.party
ğŸ˜€â ,LadyDragonfly@universeodon.com
ğŸ˜€â ,Lizerreal@ohai.social
ğŸ˜€â ,Lustyluffs@mstdn.party
ğŸ˜€â ,mayaisloading@beige.party
ğŸ˜€â ,medusaousa@ohai.social
ğŸ˜€â ,MicheleACourt@mastodon.nz
ğŸ˜€â ,mod1fied@infosec.exchange
ğŸ˜€â ,ocsweetest@mstdn.party
ğŸ˜€â ,ralphwrecksfirefish@firefish.social
ğŸ˜€â ,ric@infosec.exchange
ğŸ˜€â ,RickiTarr@beige.party
ğŸ˜€â ,RiotGrlErin@mastodon.social
ğŸ˜€â ,robotrecall@beige.party
ğŸ˜€â ,roxiqt@mastodon.social
ğŸ˜€â ,SarahSweeney@mstdn.party
ğŸ˜€â ,shlee@aus.social
ğŸ˜€â ,sonictyrant@mstdn.social
ğŸ˜€â ,southernmama@universeodon.com
ğŸ˜€â ,Stoned_Deva_@mas.to
ğŸ˜€â ,theguy@mstdn.party
ğŸ˜€â ,tojo2000@infosec.exchange
ğŸ˜€â ,tompsy@mastodonapp.uk
ğŸ˜€â ,TouchOfAlchemy@mstdn.social
ğŸ˜€â ,VeryBadLlama@mas.to
ğŸ˜€â ,Viss@mastodon.social
ğŸ˜€â ,XanIndigo@writing.exchange
ğŸ˜€â ,yurnidiot@mstdn.social
